<?xml version="1.0" encoding="UTF-8"?>
<metadata xml:lang="en"><Esri><CreaDate>20201001</CreaDate><CreaTime>03575200</CreaTime><ArcGISFormat>1.0</ArcGISFormat><SyncOnce>TRUE</SyncOnce><DataProperties><itemProps><itemLocation><linkage Sync="TRUE">file://\\GEOGWK381\C$\Workspace\Teaching\Demo\GEOG653\Network_Analysis\Lab4_data_F2020\Walmart_Target_Stores_in_MD.csv</linkage><protocol Sync="TRUE">Local Area Network</protocol></itemLocation></itemProps><copyHistory><copy source="C:\Workspace\Teaching\Courses\Fall2020\GEOG653\Exercises\Walmart_Target_Stores_in_MD.csv" dest="\\GEOGWK381\C$\Workspace\Teaching\Demo\GEOG653\Network_Analysis\Lab4_data_F2020\Walmart_Target_Stores_in_MD.csv" date="20201001" time="03575200"></copy></copyHistory></DataProperties></Esri></metadata>
