<?xml version="1.0"?>
<!--<!DOCTYPE metadata SYSTEM "http://www.esri.com/metadata/esriprof80.dtd">-->
<metadata xml:lang="en"><Esri><CreaDate>20131023</CreaDate><CreaTime>01062600</CreaTime><SyncOnce>TRUE</SyncOnce><ArcGISstyle>XTools Pro Metadata</ArcGISstyle><DataProperties><itemProps><itemLocation><linkage Sync="TRUE">file://\\GEOGWK229-PC\C$\WorkSpace\Teaching\Temp\GEOG653\Lab7\ArcGlobe_Data\q3320se3.jpg</linkage><protocol Sync="TRUE">Local Area Network</protocol></itemLocation></itemProps><copyHistory><copy source="C:\WorkSpace\Data\USF\Data\Raster\DOQQs\q3320se3.jpg" dest="\\GEOGWK229-PC\C$\WorkSpace\Teaching\Temp\GEOG653\Lab7\ArcGlobe_Data\q3320se3.jpg" date="20131023" time="01062600"></copy></copyHistory></DataProperties></Esri><idinfo><citation><citeinfo><onlink Sync="TRUE">\\C001644\C$\WorkSpace\USF\GIS5049\Exercises\Ex_3\DOQQs\q3320se3.jpg</onlink></citeinfo></citation></idinfo><distInfo><distributor><distorTran><onLineSrc><linkage Sync="TRUE">file://\\C001644\C$\WorkSpace\USF\GIS5049\Exercises\Ex_3\DOQQs\q3320se3.jpg</linkage><protocol Sync="TRUE">Local Area Network</protocol></onLineSrc></distorTran></distributor></distInfo><dataqual><lineage><procstep><procdesc Sync="TRUE">Dataset copied.</procdesc><srcused Sync="TRUE">C:\WorkSpace\Data\Florida\DOQQ\q3320se3\q3320se3.jpg</srcused><date Sync="TRUE">20070131</date><time Sync="TRUE">13364700</time></procstep></lineage></dataqual></metadata>
