<?xml version="1.0" encoding="UTF-8"?>
<metadata xml:lang="en"><Esri><CreaDate>20131023</CreaDate><CreaTime>00041100</CreaTime><ArcGISFormat>1.0</ArcGISFormat><ArcGISstyle>XTools Pro Metadata</ArcGISstyle><SyncOnce>TRUE</SyncOnce><DataProperties><itemProps><itemLocation><linkage Sync="TRUE">file://\\GEOGWK229-PC\C$\WorkSpace\Teaching\Temp\GEOG653\Lab7\Data\STATES</linkage><protocol Sync="TRUE">Local Area Network</protocol></itemLocation></itemProps><copyHistory><copy source="C:\WorkSpace\Data\USF\GIS5049\Labs\Lab3_data\Lab3_data\USA_States\STATES" dest="\\GEOGWK229-PC\C$\WorkSpace\Teaching\Temp\GEOG653\Lab7\Data\STATES" date="20131023" time="00041100"></copy></copyHistory></DataProperties></Esri></metadata>
