<?xml version="1.0" encoding="UTF-8"?>
<metadata xml:lang="en"><Esri><CreaDate>20181018</CreaDate><CreaTime>21350800</CreaTime><ArcGISFormat>1.0</ArcGISFormat><ArcGISstyle>FGDC CSDGM Metadata</ArcGISstyle><SyncOnce>TRUE</SyncOnce><DataProperties><itemProps><itemLocation><linkage Sync="TRUE">file://\\GEOGWK381\C$\Workspace\Teaching\Courses\Fall2018\GEOG653\Labs\Labs_data\Lab7_Data\Lab7_Data\ArcMap\DC_Crimes_2017</linkage><protocol Sync="TRUE">Local Area Network</protocol></itemLocation></itemProps><copyHistory><copy source="C:\Workspace\Teaching\Demo\GEOG653\Data\DC_Data\DC_Crimes_2017" dest="\\GEOGWK381\C$\Workspace\Teaching\Courses\Fall2018\GEOG653\Labs\Labs_data\Lab7_Data\Lab7_Data\ArcMap\DC_Crimes_2017" date="20181018" time="21350800"></copy></copyHistory></DataProperties></Esri></metadata>
