<?xml version="1.0"?>
<!--<!DOCTYPE metadata SYSTEM "http://www.esri.com/metadata/esriprof80.dtd">-->
<metadata xml:lang="en"><Esri><CreaDate>20111026</CreaDate><CreaTime>00434100</CreaTime><SyncOnce>TRUE</SyncOnce><ArcGISFormat>1.0</ArcGISFormat><DataProperties><itemProps><itemLocation><linkage Sync="TRUE">file://\\GEOGWK112\C$\WorkSpace\UMD\Geog653\Lab7_Data\My_Patio</linkage><protocol Sync="TRUE">Local Area Network</protocol></itemLocation></itemProps><copyHistory><copy source="C:\WorkSpace\UMD\Geog653\Demos\Lec8\Lab7_data\My_Patio" dest="\\GEOGWK112\C$\WorkSpace\UMD\Geog653\Lab7_Data\My_Patio" date="20111026" time="00434100"></copy></copyHistory></DataProperties></Esri><idinfo><citation><citeinfo><onlink Sync="TRUE">\\GIS-MA\D$\Workspace\UMD\GEOG473\Labs\Lab7\Lab7_data\Two_Towers</onlink></citeinfo></citation></idinfo><distInfo><distributor><distorTran><onLineSrc><linkage Sync="TRUE">file://\\GIS-MA\D$\Workspace\UMD\GEOG473\Labs\Lab7\Lab7_data\Two_Towers</linkage><protocol Sync="TRUE">Local Area Network</protocol></onLineSrc></distorTran></distributor></distInfo><dataqual><lineage><procstep><procdesc Sync="TRUE">Dataset copied.</procdesc><srcused Sync="TRUE">D:\Workspace\UMD\GEOG473\Demos\Lect7\Viewshed\Tower</srcused><procdate Sync="TRUE">20081015</procdate><proctime Sync="TRUE">01352600</proctime></procstep><procstep><procdesc Sync="TRUE">Dataset copied.</procdesc><srcused Sync="TRUE">D:\Workspace\UMD\GEOG473\Labs\Lab6\Lab6_Test\Tower</srcused><procdate Sync="TRUE">20081015</procdate><proctime Sync="TRUE">13091100</proctime></procstep><procstep><procdesc Sync="TRUE">Dataset copied.</procdesc><srcused Sync="TRUE">D:\Workspace\UMD\GEOG473\Labs\Lab6\Lab6_Data\Two_Towers</srcused><procdate Sync="TRUE">20081024</procdate><proctime Sync="TRUE">01111300</proctime></procstep><procstep><procdesc Sync="TRUE">Dataset copied.</procdesc><srcused Sync="TRUE">D:\Workspace\UMD\GEOG473\Labs\Lab7\Two_Towers</srcused><procdate Sync="TRUE">20081024</procdate><proctime Sync="TRUE">01214600</proctime></procstep></lineage></dataqual></metadata>
