<?xml version="1.0" encoding="UTF-8"?>
<metadata xml:lang="en"><Esri><CreaDate>20180317</CreaDate><CreaTime>02364200</CreaTime><ArcGISFormat>1.0</ArcGISFormat><ArcGISstyle>FGDC CSDGM Metadata</ArcGISstyle><SyncOnce>TRUE</SyncOnce><DataProperties><itemProps><itemLocation><linkage Sync="TRUE">file://\\GEOGWK381\C$\Workspace\Teaching\Demo\GEOG653\Lab2_Demo\Data\Lab2_data_Updated\DC_data\Park_Rides</linkage><protocol Sync="TRUE">Local Area Network</protocol></itemLocation></itemProps><copyHistory><copy source="C:\Workspace\Teaching\Demo\GEOG653\Data\DC_Data\Park_Rides" dest="\\GEOGWK381\C$\Workspace\Teaching\Demo\GEOG653\Lab2_Demo\Data\Lab2_data_Updated\DC_data\Park_Rides" date="20180317" time="02364200"></copy></copyHistory><lineage><Process ToolSource="c:\program files\arcgis\pro\Resources\ArcToolbox\toolboxes\Analysis Tools.tbx\Near" Date="20180315" Time="183910">Near Park_Rides Police_Stations # NO_LOCATION NO_ANGLE Planar</Process><Process ToolSource="c:\program files\arcgis\pro\Resources\ArcToolbox\toolboxes\Analysis Tools.tbx\Near" Date="20180315" Time="184037">Near Park_Rides Park_Rides # NO_LOCATION NO_ANGLE Planar</Process><Process ToolSource="c:\program files\arcgis\pro\Resources\ArcToolbox\toolboxes\Analysis Tools.tbx\Near" Date="20180315" Time="184040">Near Park_Rides Park_Rides # NO_LOCATION NO_ANGLE Planar</Process><Process ToolSource="c:\program files\arcgis\pro\Resources\ArcToolbox\toolboxes\Analysis Tools.tbx\Near" Date="20180317" Time="012218">Near Park_Rides Police_Stations "15 Kilometers" NO_LOCATION NO_ANGLE Planar</Process></lineage></DataProperties></Esri></metadata>
