<?xml version="1.0" encoding="UTF-8"?>
<metadata xml:lang="en"><Esri><CreaDate>20180308</CreaDate><CreaTime>17120700</CreaTime><ArcGISFormat>1.0</ArcGISFormat><ArcGISstyle>XTools Pro Metadata</ArcGISstyle><SyncOnce>TRUE</SyncOnce><DataProperties><itemProps><itemLocation><linkage Sync="TRUE">file://\\GEOGWK381\C$\Workspace\Teaching\Courses\Spring2018\GEOG653\Labs\Labs_data\Lab1_data\DC\DC_Crimes_2017</linkage><protocol Sync="TRUE">Local Area Network</protocol></itemLocation></itemProps><copyHistory><copy source="C:\Workspace\Teaching\Demo\ENCE200\Final_Exam\Exam_Data_0102\DC_Crimes_2017" dest="\\GEOGWK381\C$\Workspace\Teaching\Courses\Spring2018\GEOG653\Labs\Labs_data\Lab1_data\DC\DC_Crimes_2017" date="20180308" time="17120700"></copy></copyHistory></DataProperties></Esri></metadata>
