<?xml version="1.0" encoding="UTF-8"?>
<metadata xml:lang="en"><Esri><CreaDate>20180312</CreaDate><CreaTime>23313000</CreaTime><ArcGISFormat>1.0</ArcGISFormat><ArcGISstyle>XTools Pro Metadata</ArcGISstyle><SyncOnce>TRUE</SyncOnce><DataProperties><itemProps><itemLocation><linkage Sync="TRUE">file://\\GEOGWK381\C$\Workspace\Teaching\Courses\Spring2018\GEOG653\Labs\Labs_data\Lab1_data\DC\Park_Rides</linkage><protocol Sync="TRUE">Local Area Network</protocol></itemLocation></itemProps><copyHistory><copy source="C:\Workspace\Teaching\Demo\GEOG653\Data\DC_Data\Park_Rides" dest="\\GEOGWK381\C$\Workspace\Teaching\Courses\Spring2018\GEOG653\Labs\Labs_data\Lab1_data\DC\Park_Rides" date="20180312" time="23313000"></copy></copyHistory></DataProperties></Esri></metadata>
