<?xml version="1.0"?>
<!--<!DOCTYPE metadata SYSTEM "http://www.esri.com/metadata/esriprof80.dtd">-->
<metadata xml:lang="en"><Esri><CreaDate>20100907</CreaDate><CreaTime>19594600</CreaTime><SyncOnce>FALSE</SyncOnce><DataProperties><lineage><Process Name="Merge_1" ToolSource="C:\Program Files\ArcGIS\ArcToolbox\Toolboxes\Data Management Tools.tbx\Merge" Date="20061208" Time="152316">Merge LANDUSELANDCOVER2004-stpet_s;LANDUSELANDCOVER2004-stpet_se;LANDUSELANDCOVER2004-saras_se;LANDUSELANDCOVER2004-saras_nw;LANDUSELANDCOVER2004-saras_ne E:\GIS-5049\Manatee\Manatee2\lu04\manatee_lu04.shp "OBJECTID_1 OBJECTID_1 true false false 9 Long 0 9 ,First,#,LANDUSELANDCOVER2004-stpet_s,OBJECTID_1,-1,-1,LANDUSELANDCOVER2004-stpet_se,OBJECTID_1,-1,-1,LANDUSELANDCOVER2004-saras_se,OBJECTID_1,-1,-1,LANDUSELANDCOVER2004-saras_nw,OBJECTID_1,-1,-1,LANDUSELANDCOVER2004-saras_ne,OBJECTID_1,-1,-1;OBJECTID OBJECTID true false false 19 Double 11 18 ,First,#,LANDUSELANDCOVER2004-stpet_s,OBJECTID,-1,-1,LANDUSELANDCOVER2004-stpet_se,OBJECTID,-1,-1,LANDUSELANDCOVER2004-saras_se,OBJECTID,-1,-1,LANDUSELANDCOVER2004-saras_nw,OBJECTID,-1,-1,LANDUSELANDCOVER2004-saras_ne,OBJECTID,-1,-1;FLUCCSCODE FLUCCSCODE true false false 4 Short 0 4 ,First,#,LANDUSELANDCOVER2004-stpet_s,FLUCCSCODE,-1,-1,LANDUSELANDCOVER2004-stpet_se,FLUCCSCODE,-1,-1,LANDUSELANDCOVER2004-saras_se,FLUCCSCODE,-1,-1,LANDUSELANDCOVER2004-saras_nw,FLUCCSCODE,-1,-1,LANDUSELANDCOVER2004-saras_ne,FLUCCSCODE,-1,-1;FLUCSDESC FLUCSDESC true false false 55 Text 0 0 ,First,#,LANDUSELANDCOVER2004-stpet_s,FLUCSDESC,-1,-1,LANDUSELANDCOVER2004-stpet_se,FLUCSDESC,-1,-1,LANDUSELANDCOVER2004-saras_se,FLUCSDESC,-1,-1,LANDUSELANDCOVER2004-saras_nw,FLUCSDESC,-1,-1,LANDUSELANDCOVER2004-saras_ne,FLUCSDESC,-1,-1;DATESTAMP DATESTAMP true true false 8 Date 0 0 ,First,#,LANDUSELANDCOVER2004-stpet_s,DATESTAMP,-1,-1,LANDUSELANDCOVER2004-stpet_se,DATESTAMP,-1,-1,LANDUSELANDCOVER2004-saras_se,DATESTAMP,-1,-1,LANDUSELANDCOVER2004-saras_nw,DATESTAMP,-1,-1,LANDUSELANDCOVER2004-saras_ne,DATESTAMP,-1,-1;LEV1 LEV1 true false false 4 Short 0 4 ,First,#,LANDUSELANDCOVER2004-stpet_s,LEV1,-1,-1,LANDUSELANDCOVER2004-stpet_se,LEV1,-1,-1,LANDUSELANDCOVER2004-saras_se,LEV1,-1,-1,LANDUSELANDCOVER2004-saras_nw,LEV1,-1,-1,LANDUSELANDCOVER2004-saras_ne,LEV1,-1,-1;LEV2 LEV2 true false false 4 Short 0 4 ,First,#,LANDUSELANDCOVER2004-stpet_s,LEV2,-1,-1,LANDUSELANDCOVER2004-stpet_se,LEV2,-1,-1,LANDUSELANDCOVER2004-saras_se,LEV2,-1,-1,LANDUSELANDCOVER2004-saras_nw,LEV2,-1,-1,LANDUSELANDCOVER2004-saras_ne,LEV2,-1,-1;LEV3 LEV3 true false false 4 Short 0 4 ,First,#,LANDUSELANDCOVER2004-stpet_s,LEV3,-1,-1,LANDUSELANDCOVER2004-stpet_se,LEV3,-1,-1,LANDUSELANDCOVER2004-saras_se,LEV3,-1,-1,LANDUSELANDCOVER2004-saras_nw,LEV3,-1,-1,LANDUSELANDCOVER2004-saras_ne,LEV3,-1,-1;LEV4 LEV4 true false false 4 Short 0 4 ,First,#,LANDUSELANDCOVER2004-stpet_s,LEV4,-1,-1,LANDUSELANDCOVER2004-stpet_se,LEV4,-1,-1,LANDUSELANDCOVER2004-saras_se,LEV4,-1,-1,LANDUSELANDCOVER2004-saras_nw,LEV4,-1,-1,LANDUSELANDCOVER2004-saras_ne,LEV4,-1,-1;Shape_Leng Shape_Leng true false false 19 Double 11 18 ,First,#,LANDUSELANDCOVER2004-stpet_s,Shape_Leng,-1,-1,LANDUSELANDCOVER2004-stpet_se,Shape_Leng,-1,-1,LANDUSELANDCOVER2004-saras_se,Shape_Leng,-1,-1,LANDUSELANDCOVER2004-saras_nw,Shape_Leng,-1,-1,LANDUSELANDCOVER2004-saras_ne,Shape_Leng,-1,-1;Shape_Area Shape_Area true false false 19 Double 11 18 ,First,#,LANDUSELANDCOVER2004-stpet_s,Shape_Area,-1,-1,LANDUSELANDCOVER2004-stpet_se,Shape_Area,-1,-1,LANDUSELANDCOVER2004-saras_se,Shape_Area,-1,-1,LANDUSELANDCOVER2004-saras_nw,Shape_Area,-1,-1,LANDUSELANDCOVER2004-saras_ne,Shape_Area,-1,-1"</Process><Process Name="Clip_2" ToolSource="C:\Program Files\ArcGIS\ArcToolbox\Toolboxes\Analysis Tools.tbx\Clip" Date="20071115" Time="143019">Clip "Manatee LULC 2004" Manatee_Area C:\WorkSpace\USF\GIS6100\Labs\Lab5\LU04_clip.shp #</Process></lineage></DataProperties><SyncDate>20100907</SyncDate><SyncTime>19594200</SyncTime><ModDate>20100907</ModDate><ModTime>19594200</ModTime><MetaID>{ED726153-5240-418B-9311-48BFC5B21071}</MetaID></Esri><idinfo><native Sync="TRUE">Microsoft Windows XP Version 5.1 (Build 2600) Service Pack 3; ESRI ArcCatalog 9.3.0.1770</native><descript><langdata Sync="TRUE">en</langdata><abstract>REQUIRED: A brief narrative summary of the data set.</abstract><purpose>REQUIRED: A summary of the intentions with which the data set was developed.</purpose></descript><citation><citeinfo><origin>REQUIRED: The name of an organization or individual that developed the data set.</origin><pubdate>REQUIRED: The date when the data set is published or otherwise made available for release.</pubdate><title Sync="TRUE">LU04</title><ftname Sync="TRUE">LU04</ftname><geoform Sync="TRUE">vector digital data</geoform><onlink Sync="TRUE">\\GIS-MA\D$\Workspace\UMD\Geog473_F2010\Lab1\LULC\LU04</onlink></citeinfo></citation><timeperd><current>REQUIRED: The basis on which the time period of content information is determined.</current><timeinfo><sngdate><caldate>REQUIRED: The year (and optionally month, or month and day) for which the data set corresponds to the ground.</caldate></sngdate></timeinfo></timeperd><status><progress>REQUIRED: The state of the data set.</progress><update>REQUIRED: The frequency with which changes and additions are made to the data set after the initial data set is completed.</update></status><spdom><bounding><westbc Sync="TRUE">-82.211940</westbc><eastbc Sync="TRUE">-82.086424</eastbc><northbc Sync="TRUE">27.628869</northbc><southbc Sync="TRUE">27.564944</southbc></bounding><lboundng><leftbc Sync="TRUE">380426.967034</leftbc><rightbc Sync="TRUE">392751.374782</rightbc><bottombc Sync="TRUE">3049595.414215</bottombc><topbc Sync="TRUE">3056563.255456</topbc></lboundng></spdom><keywords><theme><themekt>REQUIRED: Reference to a formally registered thesaurus or a similar authoritative source of theme keywords.</themekt><themekey>REQUIRED: Common-use word or phrase used to describe the subject of the data set.</themekey></theme></keywords><accconst>REQUIRED: Restrictions and legal prerequisites for accessing the data set.</accconst><useconst>REQUIRED: Restrictions and legal prerequisites for using the data set after access is granted.</useconst><natvform Sync="TRUE">Shapefile</natvform></idinfo><dataIdInfo><envirDesc Sync="TRUE">Microsoft Windows XP Version 5.1 (Build 2600) Service Pack 3; ESRI ArcCatalog 9.3.0.1770</envirDesc><dataLang><languageCode Sync="TRUE" value="en"></languageCode></dataLang><idCitation><resTitle Sync="TRUE">LU04</resTitle><presForm><PresFormCd Sync="TRUE" value="005"></PresFormCd></presForm></idCitation><spatRpType><SpatRepTypCd Sync="TRUE" value="001"></SpatRepTypCd></spatRpType><dataExt><geoEle><GeoBndBox esriExtentType="native"><westBL Sync="TRUE">380426.967034</westBL><eastBL Sync="TRUE">392751.374782</eastBL><northBL Sync="TRUE">3056563.255456</northBL><southBL Sync="TRUE">3049595.414215</southBL><exTypeCode Sync="TRUE">1</exTypeCode></GeoBndBox></geoEle></dataExt><geoBox esriExtentType="decdegrees"><westBL Sync="TRUE">-82.21194</westBL><eastBL Sync="TRUE">-82.086424</eastBL><northBL Sync="TRUE">27.628869</northBL><southBL Sync="TRUE">27.564944</southBL><exTypeCode Sync="TRUE">1</exTypeCode></geoBox></dataIdInfo><metainfo><langmeta Sync="TRUE">en</langmeta><metstdn Sync="TRUE">FGDC Content Standards for Digital Geospatial Metadata</metstdn><metstdv Sync="TRUE">FGDC-STD-001-1998</metstdv><mettc Sync="TRUE">local time</mettc><metc><cntinfo><cntorgp><cntper>REQUIRED: The person responsible for the metadata information.</cntper><cntorg>REQUIRED: The organization responsible for the metadata information.</cntorg></cntorgp><cntaddr><addrtype>REQUIRED: The mailing and/or physical address for the organization or individual.</addrtype><city>REQUIRED: The city of the address.</city><state>REQUIRED: The state or province of the address.</state><postal>REQUIRED: The ZIP or other postal code of the address.</postal></cntaddr><cntvoice>REQUIRED: The telephone number by which individuals can speak to the organization or individual.</cntvoice></cntinfo></metc><metd Sync="TRUE">20100907</metd><metextns><onlink Sync="TRUE">http://www.esri.com/metadata/esriprof80.html</onlink><metprof Sync="TRUE">ESRI Metadata Profile</metprof></metextns></metainfo><mdLang><languageCode Sync="TRUE" value="en"></languageCode></mdLang><mdStanName Sync="TRUE">ISO 19115 Geographic Information - Metadata</mdStanName><mdStanVer Sync="TRUE">DIS_ESRI1.0</mdStanVer><mdChar><CharSetCd Sync="TRUE" value="004"></CharSetCd></mdChar><mdHrLv><ScopeCd Sync="TRUE" value="005"></ScopeCd></mdHrLv><mdHrLvName Sync="TRUE">dataset</mdHrLvName><distinfo><resdesc Sync="TRUE">Downloadable Data</resdesc><stdorder><digform><digtinfo><transize Sync="TRUE">0.461</transize><dssize Sync="TRUE">0.461</dssize></digtinfo></digform></stdorder></distinfo><distInfo><distributor><distorTran><onLineSrc><orDesc Sync="TRUE">002</orDesc><linkage Sync="TRUE">file://\\GIS-MA\D$\Workspace\UMD\Geog473_F2010\Lab1\LULC\LU04</linkage><protocol Sync="TRUE">Local Area Network</protocol></onLineSrc><transSize Sync="TRUE">0.461</transSize></distorTran><distorFormat><formatName Sync="TRUE">Shapefile</formatName></distorFormat></distributor></distInfo><spdoinfo><direct Sync="TRUE">Vector</direct><ptvctinf><esriterm Name="LU04"><efeatyp Sync="TRUE">Simple</efeatyp><efeageom Sync="TRUE">Polygon</efeageom><esritopo Sync="TRUE">FALSE</esritopo><efeacnt Sync="TRUE">637</efeacnt><spindex Sync="TRUE">TRUE</spindex><linrefer Sync="TRUE">FALSE</linrefer></esriterm><sdtsterm Name="LU04"><sdtstype Sync="TRUE">G-polygon</sdtstype><ptvctcnt Sync="TRUE">637</ptvctcnt></sdtsterm></ptvctinf></spdoinfo><spref><horizsys><cordsysn><geogcsn Sync="TRUE">GCS_North_American_1983_HARN</geogcsn><projcsn Sync="TRUE">NAD_1983_HARN_UTM_Zone_17N</projcsn></cordsysn><planar><planci><plance Sync="TRUE">coordinate pair</plance><plandu Sync="TRUE">meters</plandu><coordrep><absres Sync="TRUE">0.000000</absres><ordres Sync="TRUE">0.000000</ordres></coordrep></planci><mapproj><mapprojn Sync="TRUE">Transverse Mercator</mapprojn><transmer><sfctrmer Sync="TRUE">0.999600</sfctrmer><longcm Sync="TRUE">-81.000000</longcm><latprjo Sync="TRUE">0.000000</latprjo><feast Sync="TRUE">500000.000000</feast><fnorth Sync="TRUE">0.000000</fnorth></transmer></mapproj></planar><geodetic><horizdn Sync="TRUE">D_North_American_1983_HARN</horizdn><ellips Sync="TRUE">Geodetic Reference System 80</ellips><semiaxis Sync="TRUE">6378137.000000</semiaxis><denflat Sync="TRUE">298.257222</denflat></geodetic></horizsys></spref><refSysInfo><RefSystem><refSysID><identCode Sync="TRUE">NAD_1983_HARN_UTM_Zone_17N</identCode></refSysID></RefSystem></refSysInfo><spatRepInfo><VectSpatRep><topLvl><TopoLevCd Sync="TRUE" value="001"></TopoLevCd></topLvl><geometObjs Name="LU04"><geoObjTyp><GeoObjTypCd Sync="TRUE" value="001"></GeoObjTypCd></geoObjTyp><geoObjCnt Sync="TRUE">637</geoObjCnt></geometObjs></VectSpatRep></spatRepInfo><eainfo><detailed Name="LU04"><enttyp><enttypl Sync="TRUE">LU04</enttypl><enttypt Sync="TRUE">Feature Class</enttypt><enttypc Sync="TRUE">637</enttypc></enttyp><attr><attrlabl Sync="TRUE">FID</attrlabl><attalias Sync="TRUE">FID</attalias><attrtype Sync="TRUE">OID</attrtype><attwidth Sync="TRUE">4</attwidth><atprecis Sync="TRUE">0</atprecis><attscale Sync="TRUE">0</attscale><attrdef Sync="TRUE">Internal feature number.</attrdef><attrdefs Sync="TRUE">ESRI</attrdefs><attrdomv><udom Sync="TRUE">Sequential unique whole numbers that are automatically generated.</udom></attrdomv></attr><attr><attrlabl Sync="TRUE">Shape</attrlabl><attalias Sync="TRUE">Shape</attalias><attrtype Sync="TRUE">Geometry</attrtype><attwidth Sync="TRUE">0</attwidth><atprecis Sync="TRUE">0</atprecis><attscale Sync="TRUE">0</attscale><attrdef Sync="TRUE">Feature geometry.</attrdef><attrdefs Sync="TRUE">ESRI</attrdefs><attrdomv><udom Sync="TRUE">Coordinates defining the features.</udom></attrdomv></attr><attr><attrlabl Sync="TRUE">OBJECTID_1</attrlabl><attalias Sync="TRUE">OBJECTID_1</attalias><attrtype Sync="TRUE">Number</attrtype><attwidth Sync="TRUE">9</attwidth></attr><attr><attrlabl Sync="TRUE">OBJECTID</attrlabl><attalias Sync="TRUE">OBJECTID</attalias><attrtype Sync="TRUE">Number</attrtype><attwidth Sync="TRUE">19</attwidth><atnumdec Sync="TRUE">11</atnumdec></attr><attr><attrlabl Sync="TRUE">FLUCCSCODE</attrlabl><attalias Sync="TRUE">FLUCCSCODE</attalias><attrtype Sync="TRUE">Number</attrtype><attwidth Sync="TRUE">4</attwidth></attr><attr><attrlabl Sync="TRUE">FLUCSDESC</attrlabl><attalias Sync="TRUE">FLUCSDESC</attalias><attrtype Sync="TRUE">String</attrtype><attwidth Sync="TRUE">55</attwidth></attr><attr><attrlabl Sync="TRUE">DATESTAMP</attrlabl><attalias Sync="TRUE">DATESTAMP</attalias><attrtype Sync="TRUE">Date</attrtype><attwidth Sync="TRUE">8</attwidth></attr><attr><attrlabl Sync="TRUE">LEV1</attrlabl><attalias Sync="TRUE">LEV1</attalias><attrtype Sync="TRUE">Number</attrtype><attwidth Sync="TRUE">4</attwidth></attr><attr><attrlabl Sync="TRUE">LEV2</attrlabl><attalias Sync="TRUE">LEV2</attalias><attrtype Sync="TRUE">Number</attrtype><attwidth Sync="TRUE">4</attwidth></attr><attr><attrlabl Sync="TRUE">LEV3</attrlabl><attalias Sync="TRUE">LEV3</attalias><attrtype Sync="TRUE">Number</attrtype><attwidth Sync="TRUE">4</attwidth></attr><attr><attrlabl Sync="TRUE">LEV4</attrlabl><attalias Sync="TRUE">LEV4</attalias><attrtype Sync="TRUE">Number</attrtype><attwidth Sync="TRUE">4</attwidth></attr><attr><attrlabl Sync="TRUE">Shape_Leng</attrlabl><attalias Sync="TRUE">Shape_Leng</attalias><attrtype Sync="TRUE">Number</attrtype><attwidth Sync="TRUE">19</attwidth><atnumdec Sync="TRUE">11</atnumdec></attr><attr><attrlabl Sync="TRUE">Shape_Area</attrlabl><attalias Sync="TRUE">Shape_Area</attalias><attrtype Sync="TRUE">Number</attrtype><attwidth Sync="TRUE">19</attwidth><attrdef Sync="TRUE">Area of feature in internal units squared.</attrdef><attrdefs Sync="TRUE">ESRI</attrdefs><attrdomv><udom Sync="TRUE">Positive real numbers that are automatically generated.</udom></attrdomv><atnumdec Sync="TRUE">11</atnumdec></attr></detailed></eainfo><mdDateSt Sync="TRUE">20100907</mdDateSt><dataqual><lineage><procstep><procdesc Sync="TRUE">Dataset copied.</procdesc><srcused Sync="TRUE">C:\WorkSpace\USF\GIS6100\Labs\Lab5\LU04_clip</srcused><date Sync="TRUE">20071115</date><time Sync="TRUE">15563800</time></procstep><procstep><procdesc Sync="TRUE">Dataset moved.</procdesc><srcused Sync="TRUE">C:\WorkSpace\USF\GIS6100\Labs\Lab5\Lab5_Data\LU04_clip</srcused><date Sync="TRUE">20071115</date><time Sync="TRUE">15575400</time></procstep><procstep><procdesc Sync="TRUE">Dataset moved.</procdesc><srcused Sync="TRUE">C:\WorkSpace\USF\GIS6100\Labs\Lab5\Lab5_Data\Part_III\LU04_clip</srcused><date Sync="TRUE">20071119</date><time Sync="TRUE">15224500</time></procstep><procstep><procdesc Sync="TRUE">Dataset copied.</procdesc><srcused Sync="TRUE">D:\Workspace\USF\GIS6100\Labs\Lab5\Part_IV\LU04_clip</srcused><procdate Sync="TRUE">20081023</procdate><proctime Sync="TRUE">17073300</proctime></procstep><procstep><procdesc Sync="TRUE">Dataset copied.</procdesc><srcused Sync="TRUE">D:\Workspace\UMD\GEOG673_S09\Demos\Lec7\LULC\LU04_clip</srcused><procdate Sync="TRUE">20091015</procdate><proctime Sync="TRUE">16530900</proctime></procstep><procstep><procdesc Sync="TRUE">Dataset copied.</procdesc><srcused Sync="TRUE">D:\Workspace\UMD\GEOG673_F09\Demo\Lecture7_LULC\Data\LU04_clip</srcused><procdate Sync="TRUE">20091015</procdate><proctime Sync="TRUE">20592800</proctime></procstep><procstep><procdesc Sync="TRUE">Dataset copied.</procdesc><srcused Sync="TRUE">D:\Workspace\UMD\GEOG673_F09\Labs\Lab6\LU04</srcused><procdate Sync="TRUE">20100907</procdate><proctime Sync="TRUE">19594600</proctime></procstep></lineage></dataqual></metadata>
