<?xml version="1.0" encoding="UTF-8"?>
<metadata xml:lang="en"><Esri><CreaDate>20190912</CreaDate><CreaTime>03383000</CreaTime><ArcGISFormat>1.0</ArcGISFormat><SyncOnce>TRUE</SyncOnce><DataProperties><itemProps><itemLocation><linkage Sync="TRUE">file://\\GEOGWK381\C$\Workspace\Teaching\Demo\GEOG653\Lab2_Demo\Data\Lab2_data_Updated\NYS_data\dairy_cafos</linkage><protocol Sync="TRUE">Local Area Network</protocol></itemLocation></itemProps><copyHistory><copy source="C:\Workspace\Teaching\Demo\GEOG653\Density_Demo\Data\dairy_cafos" dest="\\GEOGWK381\C$\Workspace\Teaching\Demo\GEOG653\Lab2_Demo\Data\Lab2_data_Updated\NYS_data\dairy_cafos" date="20190912" time="03383000"></copy></copyHistory></DataProperties><ArcGISstyle>FGDC CSDGM Metadata</ArcGISstyle></Esri></metadata>
