<?xml version="1.0"?>
<!--<!DOCTYPE metadata SYSTEM "http://www.esri.com/metadata/esriprof80.dtd">-->
<metadata xml:lang="en"><Esri><CreaDate>20180317</CreaDate><CreaTime>02370800</CreaTime><SyncOnce>FALSE</SyncOnce><DataProperties><lineage><Process Name="Create Feature Class" ToolSource="C:\Program Files\ArcGIS\ArcToolbox\Toolboxes\Data Management Tools.tbx\CreateFeatureclass" Date="20060309" Time="124601">CreateFeatureclass D:\Tony\Edit_Local_Co_Bndy\Test\TonyTest.mdb\County Political # Political_Cnty_Bdy_Layer SAME_AS_TEMPLATE SAME_AS_TEMPLATE "PROJCS['NAD_1983_HARN_Lambert_Conformal_Conic',GEOGCS['GCS_North_American_1983_HARN',DATUM['D_North_American_1983_HARN',SPHEROID['GRS_1980',6378137.0,298.257222101]],PRIMEM['Greenwich',0.0],UNIT['Degree',0.0174532925199433]],PROJECTION['Lambert_Conformal_Conic'],PARAMETER['False_Easting',1312333.333333333],PARAMETER['False_Northing',0.0],PARAMETER['Central_Meridian',-77.0],PARAMETER['Standard_Parallel_1',38.3],PARAMETER['Standard_Parallel_2',39.45],PARAMETER['Latitude_Of_Origin',37.66666666666666],UNIT['Foot_US',0.3048006096012192]];-959702.918945388 -1779658.73395451 488.281249545253;0 100000;0 100000" # 0 0 0 D:\Tony\Edit_Local_Co_Bndy\Test\TonyTest.mdb\County\Political</Process><Process Name="Append" ToolSource="C:\Program Files\ArcGIS\ArcToolbox\Toolboxes\Data Management Tools.tbx\Append" Date="20060309" Time="124603">Append Political_Cnty_Bdy_Layer D:\Tony\Edit_Local_Co_Bndy\Test\TonyTest.mdb\County\Political TEST D:\Tony\Edit_Local_Co_Bndy\Test\TonyTest.mdb\County\Political</Process><Process Name="FeatureClassToFeatureClass_1" ToolSource="C:\Program Files\ArcGIS\ArcToolbox\Toolboxes\Conversion Tools.tbx\FeatureClassToFeatureClass" Date="20060309" Time="124603">FeatureClassToFeatureClass D:\Tony\Edit_Local_Co_Bndy\Political_Cnty_Bdy.shp D:\Tony\Edit_Local_Co_Bndy\Test\TonyTest.mdb\County Political # "OBJECTID OBJECTID VISIBLE;Shape_Leng Shape_Leng VISIBLE;Shape_Area Shape_Area VISIBLE;COUNTY COUNTY VISIBLE;DISTRICT DISTRICT VISIBLE;COUNTY_FIP COUNTY_FIP VISIBLE;COUNTYNUM COUNTYNUM VISIBLE" SAME_AS_TEMPLATE SAME_AS_TEMPLATE # 0 D:\Tony\Edit_Local_Co_Bndy\Test\TonyTest.mdb\County\Political</Process><Process ToolSource="C:\Program Files\ArcGIS\ArcToolbox\Toolboxes\Conversion Tools.tbx\FeatureClassToFeatureClass" Date="20100915" Time="134937">FeatureClassToFeatureClass D:\Workspace\Data\MD_Data\MD_State\Maryland\MDCountyBoundary.mdb\MDCounties D:\Workspace\Data\MD_Data\MD_State\Maryland MD_Cnty_Bnd.shp # "SHAPE_LENG 'SHAPE_LENG' true true false 8 Double 0 0 ,First,#,D:\Workspace\Data\MD_Data\MD_State\Maryland\MDCountyBoundary.mdb\MDCounties,SHAPE_LENG,-1,-1;COUNTY 'COUNTY' true true false 18 Text 0 0 ,First,#,D:\Workspace\Data\MD_Data\MD_State\Maryland\MDCountyBoundary.mdb\MDCounties,COUNTY,-1,-1;DISTRICT 'DISTRICT' true true false 8 Double 0 0 ,First,#,D:\Workspace\Data\MD_Data\MD_State\Maryland\MDCountyBoundary.mdb\MDCounties,DISTRICT,-1,-1;COUNTY_FIP 'COUNTY_FIP' true true false 2 Short 0 0 ,First,#,D:\Workspace\Data\MD_Data\MD_State\Maryland\MDCountyBoundary.mdb\MDCounties,COUNTY_FIP,-1,-1;COUNTYNUM 'COUNTYNUM' true true false 2 Short 0 0 ,First,#,D:\Workspace\Data\MD_Data\MD_State\Maryland\MDCountyBoundary.mdb\MDCounties,COUNTYNUM,-1,-1;SHAPE_Le_1 'SHAPE_Length' false true true 8 Double 0 0 ,First,#,D:\Workspace\Data\MD_Data\MD_State\Maryland\MDCountyBoundary.mdb\MDCounties,SHAPE_Length,-1,-1;SHAPE_Area 'SHAPE_Area' false true true 8 Double 0 0 ,First,#,D:\Workspace\Data\MD_Data\MD_State\Maryland\MDCountyBoundary.mdb\MDCounties,SHAPE_Area,-1,-1" # D:\Workspace\Data\MD_Data\MD_State\Maryland\MD_Cnty_Bnd.shp</Process></lineage><itemProps><itemLocation><linkage Sync="TRUE">file://\\GEOGWK381\C$\Workspace\Teaching\Demo\GEOG653\Lab2_Demo\Data\Lab2_data_Updated\MD_data\MD_Cnty_Bnd</linkage><protocol Sync="TRUE">Local Area Network</protocol></itemLocation></itemProps><copyHistory><copy source="C:\Workspace\Teaching\Demo\GEOG653\Lab2_Demo\Data\Lab2_data_Updated\MD_Cnty_Bnd" dest="\\GEOGWK381\C$\Workspace\Teaching\Demo\GEOG653\Lab2_Demo\Data\Lab2_data_Updated\MD_data\MD_Cnty_Bnd" date="20180317" time="02370800"></copy></copyHistory></DataProperties><SyncDate>20100915</SyncDate><SyncTime>13554200</SyncTime><ModDate>20100915</ModDate><ModTime>13554200</ModTime><ArcGISstyle>FGDC CSDGM Metadata</ArcGISstyle></Esri><idinfo><citation><citeinfo><onlink Sync="TRUE">\\GIS-MA\D$\Workspace\UMD\Geog473_F2010\Lab2_data\MD_Cnty_Bnd.shp</onlink><origin>REQUIRED: The name of an organization or individual that developed the data set.</origin><pubdate>REQUIRED: The date when the data set is published or otherwise made available for release.</pubdate><title Sync="TRUE">MD_Cnty_Bnd</title><ftname Sync="TRUE">MD_Cnty_Bnd</ftname><geoform Sync="TRUE">vector digital data</geoform></citeinfo></citation><native Sync="TRUE">Microsoft Windows XP Version 5.1 (Build 2600) Service Pack 3; ESRI ArcCatalog 9.3.0.1770</native><descript><langdata Sync="TRUE">en</langdata><abstract>REQUIRED: A brief narrative summary of the data set.</abstract><purpose>REQUIRED: A summary of the intentions with which the data set was developed.</purpose></descript><timeperd><current>REQUIRED: The basis on which the time period of content information is determined.</current><timeinfo><sngdate><caldate>REQUIRED: The year (and optionally month, or month and day) for which the data set corresponds to the ground.</caldate></sngdate></timeinfo></timeperd><status><progress>REQUIRED: The state of the data set.</progress><update>REQUIRED: The frequency with which changes and additions are made to the data set after the initial data set is completed.</update></status><spdom><bounding><westbc Sync="TRUE">-79.505201</westbc><eastbc Sync="TRUE">-75.013758</eastbc><northbc Sync="TRUE">39.747265</northbc><southbc Sync="TRUE">37.863090</southbc></bounding><lboundng><leftbc Sync="TRUE">607665.020386</leftbc><rightbc Sync="TRUE">1870975.654876</rightbc><bottombc Sync="TRUE">80957.826417</bottombc><topbc Sync="TRUE">757771.219026</topbc></lboundng></spdom><keywords><theme><themekt>REQUIRED: Reference to a formally registered thesaurus or a similar authoritative source of theme keywords.</themekt><themekey>REQUIRED: Common-use word or phrase used to describe the subject of the data set.</themekey></theme></keywords><accconst>REQUIRED: Restrictions and legal prerequisites for accessing the data set.</accconst><useconst>REQUIRED: Restrictions and legal prerequisites for using the data set after access is granted.</useconst><natvform Sync="TRUE">Shapefile</natvform></idinfo><distInfo><distributor><distorTran><onLineSrc><linkage Sync="TRUE">file://\\GIS-MA\D$\Workspace\UMD\Geog473_F2010\Lab2_data\MD_Cnty_Bnd.shp</linkage><protocol Sync="TRUE">Local Area Network</protocol><orDesc Sync="TRUE">002</orDesc></onLineSrc><transSize Sync="TRUE">2.721</transSize></distorTran><distorFormat><formatName Sync="TRUE">Shapefile</formatName></distorFormat></distributor></distInfo><dataqual><lineage><procstep><procdesc Sync="TRUE">Dataset copied.</procdesc><srcused Sync="TRUE">\\Shagis4\LOCAL GOVT DATA\New_County_Boundary\Updated_County_Bndy\County_Bndy.mdb</srcused><date Sync="TRUE">20060330</date><time Sync="TRUE">07440700</time></procstep><procstep><procdesc Sync="TRUE">Dataset copied.</procdesc><srcused Sync="TRUE">\\Shagis4\LOCAL GOVT DATA\New_County_Boundary\Updated_County_Bndy\NAD83ft_Harn\County_Boundary.mdb</srcused><date Sync="TRUE">20060410</date><time Sync="TRUE">09540400</time></procstep><procstep><procdesc Sync="TRUE">Dataset copied.</procdesc><srcused Sync="TRUE">Server=gisgeo; Service=5151; User=TSD; Version=SDE.DEFAULT</srcused><date Sync="TRUE">20060424</date><time Sync="TRUE">12323600</time></procstep><procstep><procdesc Sync="TRUE">Dataset copied.</procdesc><srcused Sync="TRUE">Server=gisgeo; Service=5151; User=TSD; Version=SDE.DEFAULT</srcused><date Sync="TRUE">20060427</date><time Sync="TRUE">07424400</time></procstep><procstep><procdesc Sync="TRUE">Dataset copied.</procdesc><srcused Sync="TRUE">Server=gisgeo; Service=5151; User=TSD; Version=SDE.DEFAULT</srcused><date Sync="TRUE">20060427</date><time Sync="TRUE">13060200</time></procstep><procstep><procdesc Sync="TRUE">Dataset copied.</procdesc><srcused Sync="TRUE">Server=gisgeo; Service=5151; Database=shas; User=tsd; Version=SDE.DEFAULT</srcused><date Sync="TRUE">20060706</date><time Sync="TRUE">09312900</time></procstep><procstep><procdesc Sync="TRUE">Dataset copied.</procdesc><srcused Sync="TRUE">D:\Workspace\Data\MD_Data\MD_State\Maryland\MD_Cnty_Bnd</srcused><procdate Sync="TRUE">20100915</procdate><proctime Sync="TRUE">13500500</proctime></procstep></lineage></dataqual><dataIdInfo><envirDesc Sync="TRUE">Microsoft Windows XP Version 5.1 (Build 2600) Service Pack 3; ESRI ArcCatalog 9.3.0.1770</envirDesc><dataLang><languageCode Sync="TRUE" value="en"></languageCode></dataLang><idCitation><resTitle Sync="TRUE">MD_Cnty_Bnd</resTitle><presForm><PresFormCd Sync="TRUE" value="005"></PresFormCd></presForm></idCitation><spatRpType><SpatRepTypCd Sync="TRUE" value="001"></SpatRepTypCd></spatRpType><dataExt><geoEle><GeoBndBox esriExtentType="native"><westBL Sync="TRUE">607665.020386</westBL><eastBL Sync="TRUE">1870975.654876</eastBL><northBL Sync="TRUE">757771.219026</northBL><southBL Sync="TRUE">80957.826417</southBL><exTypeCode Sync="TRUE">1</exTypeCode></GeoBndBox></geoEle></dataExt><geoBox esriExtentType="decdegrees"><westBL Sync="TRUE">-79.505201</westBL><eastBL Sync="TRUE">-75.013758</eastBL><northBL Sync="TRUE">39.747265</northBL><southBL Sync="TRUE">37.86309</southBL><exTypeCode Sync="TRUE">1</exTypeCode></geoBox></dataIdInfo><metainfo><langmeta Sync="TRUE">en</langmeta><metstdn Sync="TRUE">FGDC Content Standards for Digital Geospatial Metadata</metstdn><metstdv Sync="TRUE">FGDC-STD-001-1998</metstdv><mettc Sync="TRUE">local time</mettc><metc><cntinfo><cntorgp><cntper>REQUIRED: The person responsible for the metadata information.</cntper><cntorg>REQUIRED: The organization responsible for the metadata information.</cntorg></cntorgp><cntaddr><addrtype>REQUIRED: The mailing and/or physical address for the organization or individual.</addrtype><city>REQUIRED: The city of the address.</city><state>REQUIRED: The state or province of the address.</state><postal>REQUIRED: The ZIP or other postal code of the address.</postal></cntaddr><cntvoice>REQUIRED: The telephone number by which individuals can speak to the organization or individual.</cntvoice></cntinfo></metc><metd Sync="TRUE">20100915</metd><metextns><onlink Sync="TRUE">http://www.esri.com/metadata/esriprof80.html</onlink><metprof Sync="TRUE">ESRI Metadata Profile</metprof></metextns></metainfo><mdLang><languageCode Sync="TRUE" value="en"></languageCode></mdLang><mdStanName Sync="TRUE">ISO 19115 Geographic Information - Metadata</mdStanName><mdStanVer Sync="TRUE">DIS_ESRI1.0</mdStanVer><mdChar><CharSetCd Sync="TRUE" value="004"></CharSetCd></mdChar><mdHrLv><ScopeCd Sync="TRUE" value="005"></ScopeCd></mdHrLv><mdHrLvName Sync="TRUE">dataset</mdHrLvName><distinfo><resdesc Sync="TRUE">Downloadable Data</resdesc><stdorder><digform><digtinfo><transize Sync="TRUE">2.721</transize><dssize Sync="TRUE">2.721</dssize></digtinfo></digform></stdorder></distinfo><spdoinfo><direct Sync="TRUE">Vector</direct><ptvctinf><esriterm Name="MD_Cnty_Bnd"><efeatyp Sync="TRUE">Simple</efeatyp><efeageom Sync="TRUE">Polygon</efeageom><esritopo Sync="TRUE">FALSE</esritopo><efeacnt Sync="TRUE">24</efeacnt><spindex Sync="TRUE">TRUE</spindex><linrefer Sync="TRUE">FALSE</linrefer></esriterm><sdtsterm Name="MD_Cnty_Bnd"><sdtstype Sync="TRUE">G-polygon</sdtstype><ptvctcnt Sync="TRUE">24</ptvctcnt></sdtsterm></ptvctinf></spdoinfo><spref><horizsys><cordsysn><geogcsn Sync="TRUE">GCS_North_American_1983_HARN</geogcsn><projcsn Sync="TRUE">NAD_1983_HARN_StatePlane_Maryland_FIPS_1900_Feet</projcsn></cordsysn><planar><planci><plance Sync="TRUE">coordinate pair</plance><plandu Sync="TRUE">survey feet</plandu><coordrep><absres Sync="TRUE">0.000000</absres><ordres Sync="TRUE">0.000000</ordres></coordrep></planci><mapproj><mapprojn Sync="TRUE">Lambert Conformal Conic</mapprojn><lambertc><stdparll Sync="TRUE">38.300000</stdparll><stdparll Sync="TRUE">39.450000</stdparll><longcm Sync="TRUE">-77.000000</longcm><latprjo Sync="TRUE">37.666667</latprjo><feast Sync="TRUE">1312333.333333</feast><fnorth Sync="TRUE">0.000000</fnorth></lambertc></mapproj></planar><geodetic><horizdn Sync="TRUE">D_North_American_1983_HARN</horizdn><ellips Sync="TRUE">Geodetic Reference System 80</ellips><semiaxis Sync="TRUE">6378137.000000</semiaxis><denflat Sync="TRUE">298.257222</denflat></geodetic></horizsys></spref><refSysInfo><RefSystem><refSysID><identCode Sync="TRUE">NAD_1983_HARN_StatePlane_Maryland_FIPS_1900_Feet</identCode></refSysID></RefSystem></refSysInfo><spatRepInfo><VectSpatRep><topLvl><TopoLevCd Sync="TRUE" value="001"></TopoLevCd></topLvl><geometObjs Name="MD_Cnty_Bnd"><geoObjTyp><GeoObjTypCd Sync="TRUE" value="001"></GeoObjTypCd></geoObjTyp><geoObjCnt Sync="TRUE">24</geoObjCnt></geometObjs></VectSpatRep></spatRepInfo><eainfo><detailed Name="MD_Cnty_Bnd"><enttyp><enttypl Sync="TRUE">MD_Cnty_Bnd</enttypl><enttypt Sync="TRUE">Feature Class</enttypt><enttypc Sync="TRUE">24</enttypc></enttyp><attr><attrlabl Sync="TRUE">FID</attrlabl><attalias Sync="TRUE">FID</attalias><attrtype Sync="TRUE">OID</attrtype><attwidth Sync="TRUE">4</attwidth><atprecis Sync="TRUE">0</atprecis><attscale Sync="TRUE">0</attscale><attrdef Sync="TRUE">Internal feature number.</attrdef><attrdefs Sync="TRUE">ESRI</attrdefs><attrdomv><udom Sync="TRUE">Sequential unique whole numbers that are automatically generated.</udom></attrdomv></attr><attr><attrlabl Sync="TRUE">Shape</attrlabl><attalias Sync="TRUE">Shape</attalias><attrtype Sync="TRUE">Geometry</attrtype><attwidth Sync="TRUE">0</attwidth><atprecis Sync="TRUE">0</atprecis><attscale Sync="TRUE">0</attscale><attrdef Sync="TRUE">Feature geometry.</attrdef><attrdefs Sync="TRUE">ESRI</attrdefs><attrdomv><udom Sync="TRUE">Coordinates defining the features.</udom></attrdomv></attr><attr><attrlabl Sync="TRUE">SHAPE_LENG</attrlabl><attalias Sync="TRUE">SHAPE_LENG</attalias><attrtype Sync="TRUE">Float</attrtype><attwidth Sync="TRUE">19</attwidth><atnumdec Sync="TRUE">11</atnumdec></attr><attr><attrlabl Sync="TRUE">COUNTY</attrlabl><attalias Sync="TRUE">COUNTY</attalias><attrtype Sync="TRUE">String</attrtype><attwidth Sync="TRUE">18</attwidth></attr><attr><attrlabl Sync="TRUE">DISTRICT</attrlabl><attalias Sync="TRUE">DISTRICT</attalias><attrtype Sync="TRUE">Float</attrtype><attwidth Sync="TRUE">19</attwidth><atnumdec Sync="TRUE">11</atnumdec></attr><attr><attrlabl Sync="TRUE">COUNTY_FIP</attrlabl><attalias Sync="TRUE">COUNTY_FIP</attalias><attrtype Sync="TRUE">Number</attrtype><attwidth Sync="TRUE">4</attwidth></attr><attr><attrlabl Sync="TRUE">COUNTYNUM</attrlabl><attalias Sync="TRUE">COUNTYNUM</attalias><attrtype Sync="TRUE">Number</attrtype><attwidth Sync="TRUE">4</attwidth></attr><attr><attrlabl Sync="TRUE">SHAPE_Le_1</attrlabl><attalias Sync="TRUE">SHAPE_Le_1</attalias><attrtype Sync="TRUE">Float</attrtype><attwidth Sync="TRUE">19</attwidth><atnumdec Sync="TRUE">11</atnumdec></attr><attr><attrlabl Sync="TRUE">SHAPE_Area</attrlabl><attalias Sync="TRUE">SHAPE_Area</attalias><attrtype Sync="TRUE">Float</attrtype><attwidth Sync="TRUE">19</attwidth><attrdef Sync="TRUE">Area of feature in internal units squared.</attrdef><attrdefs Sync="TRUE">ESRI</attrdefs><attrdomv><udom Sync="TRUE">Positive real numbers that are automatically generated.</udom></attrdomv><atnumdec Sync="TRUE">11</atnumdec></attr></detailed></eainfo><mdDateSt Sync="TRUE">20100915</mdDateSt></metadata>
