<?xml version="1.0"?>
<!--<!DOCTYPE metadata SYSTEM "http://www.esri.com/metadata/esriprof80.dtd">-->
<metadata xml:lang="en"><Esri><CreaDate>20180317</CreaDate><CreaTime>02371400</CreaTime><SyncOnce>FALSE</SyncOnce><RematchLocator>PrinceGeorgesRoadLocator<Category Locator="Review">Address</Category><Description Locator="Review">US Streets (File-based)</Description><CLSID Locator="Review">{B5D3AB87-EED1-11D3-9F76-00C04F8ED1C4}</CLSID><DBEnv.CLSID Locator="Review">{43BA3ECC-0120-11d4-AB58-00C04FA379E3}</DBEnv.CLSID><DBEnv.Library Locator="Review">LocationQueryEngine</DBEnv.Library><EndOffset Locator="Review">3</EndOffset><FieldAliases Locator="Review">Street or Intersection</FieldAliases><FieldNames.0 Locator="Review">Address</FieldNames.0><FieldNames.0 Locator="Review">Addr</FieldNames.0><FieldNames.0 Locator="Review">Street</FieldNames.0><Fields Locator="Review">Street</Fields><FieldSizes Locator="Review">60</FieldSizes><FieldsRequired Locator="Review">TRUE</FieldsRequired><FileMAT Locator="Review">us_addr2.mat</FileMAT><FileSTN Locator="Review">us_addr.stn</FileSTN><Interpolate Locator="Review">TRUE</Interpolate><IntersectionConnectors Locator="Review">&amp; | @</IntersectionConnectors><IntFileMAT Locator="Review">us_intsc2.mat</IntFileMAT><IntFileSTN Locator="Review">us_intsc.stn</IntFileSTN><Locator.CLSID Locator="Review">{D9052385-AB46-11d2-AADA-00C04FA379E3}</Locator.CLSID><Locator.FactoryCLSID Locator="Review">{2E0878A8-0CD0-11d4-AB5D-00C04FA379E3}</Locator.FactoryCLSID><Locator.FactoryLibrary Locator="Review">LocationQueryEngine</Locator.FactoryLibrary><Locator.Library Locator="Review">mtchloc</Locator.Library><MatchIfScoresTie Locator="Review">True</MatchIfScoresTie><MinimumCandidateScore Locator="Review">10</MinimumCandidateScore><MinimumMatchScore Locator="Review">60</MinimumMatchScore><MKeyAlias.D1 Locator="Review">SufDir1</MKeyAlias.D1><MKeyAlias.D2 Locator="Review">SufDir2</MKeyAlias.D2><MKeyAlias.E1 Locator="Review">PreType1</MKeyAlias.E1><MKeyAlias.E2 Locator="Review">PreType2</MKeyAlias.E2><MKeyAlias.HN Locator="Review">HouseNum</MKeyAlias.HN><MKeyAlias.P1 Locator="Review">PreDir1</MKeyAlias.P1><MKeyAlias.P2 Locator="Review">PreDir2</MKeyAlias.P2><MKeyAlias.PD Locator="Review">PreDir</MKeyAlias.PD><MKeyAlias.PT Locator="Review">PreType</MKeyAlias.PT><MKeyAlias.S1 Locator="Review">StreetName1</MKeyAlias.S1><MKeyAlias.S2 Locator="Review">StreetName2</MKeyAlias.S2><MKeyAlias.SD Locator="Review">SufDir</MKeyAlias.SD><MKeyAlias.SN Locator="Review">StreetName</MKeyAlias.SN><MKeyAlias.ST Locator="Review">SufType</MKeyAlias.ST><MKeyAlias.T1 Locator="Review">SufType1</MKeyAlias.T1><MKeyAlias.T2 Locator="Review">SufType2</MKeyAlias.T2><MKeyField Locator="Review">XX</MKeyField><Query.CLSID Locator="Review">{1845B140-FC3B-11d2-AAFA-00C04FA379E3}</Query.CLSID><Query.Library Locator="Review">mtchloc</Query.Library><RD.Func Locator="Review">HouseRange,LocationQueryEngine,CalcHNInRange,""</RD.Func><RD.Func Locator="Review">RoundHN,LocationQueryEngine,RoundHN,""</RD.Func><RD.IdxFile1.CLSID Locator="Review">{F48F9A46-F624-11d3-AB54-00C04FA379E3}</RD.IdxFile1.CLSID><RD.IdxFile1.Index Locator="Review">I1, "Street Name Index", Soundex2,    "$$Table1.StreetName"</RD.IdxFile1.Index><RD.IdxFile1.Index Locator="Review">I2, "House Range Index", Normal,      "@HouseRange($$Table1.LeftFrom,$$Table1.LeftTo,$$Table1.RightFrom,$$Table1.RightTo)"</RD.IdxFile1.Index><RD.ILQuery.MF Locator="Review">PreDir1,Table1.PreDir</RD.ILQuery.MF><RD.ILQuery.MF Locator="Review">PreType1,Table1.PreType</RD.ILQuery.MF><RD.ILQuery.MF Locator="Review">StreetName1,Table1.StreetName</RD.ILQuery.MF><RD.ILQuery.MF Locator="Review">Type1,Table1.StreetType</RD.ILQuery.MF><RD.ILQuery.MF Locator="Review">SufDir1,Table1.SufDir</RD.ILQuery.MF><RD.ILQuery.MF Locator="Review">Shape,Table1.Shape</RD.ILQuery.MF><RD.ILQuery.MF Locator="Review">ID,Table1.ID</RD.ILQuery.MF><RD.ILQuery.Where Locator="Review">I1 = "%S1%"?</RD.ILQuery.Where><RD.IndexFile Locator="Review">IdxFile1,${Table1}</RD.IndexFile><RD.IndexFileName Locator="Review">PrinceGeorgesRoads.shp.aig</RD.IndexFileName><RD.IRQuery.MF Locator="Review">PreDir2,Table1.PreDir</RD.IRQuery.MF><RD.IRQuery.MF Locator="Review">PreType2,Table1.PreType</RD.IRQuery.MF><RD.IRQuery.MF Locator="Review">StreetName2,Table1.StreetName</RD.IRQuery.MF><RD.IRQuery.MF Locator="Review">Type2,Table1.StreetType</RD.IRQuery.MF><RD.IRQuery.MF Locator="Review">SufDir2,Table1.SufDir</RD.IRQuery.MF><RD.IRQuery.MF Locator="Review">Shape,Table1.Shape</RD.IRQuery.MF><RD.IRQuery.MF Locator="Review">ID,Table1.ID</RD.IRQuery.MF><RD.IRQuery.Where Locator="Review">I1 = "%S2%"?</RD.IRQuery.Where><RD.LeftIntsecQuery Locator="Review">ILQuery,"Left Intersection Query"</RD.LeftIntsecQuery><RD.Query Locator="Review">Query1,"Main query"</RD.Query><RD.Query1.ConditionalWhere Locator="Review">HN,0, " &amp; I2 = @RoundHN(%HN%)"</RD.Query1.ConditionalWhere><RD.Query1.MF Locator="Review">LeftFrom,Table1.LeftFrom</RD.Query1.MF><RD.Query1.MF Locator="Review">LeftTo,Table1.LeftTo</RD.Query1.MF><RD.Query1.MF Locator="Review">RightFrom,Table1.RightFrom</RD.Query1.MF><RD.Query1.MF Locator="Review">RightTo,Table1.RightTo</RD.Query1.MF><RD.Query1.MF Locator="Review">PreDir,Table1.PreDir</RD.Query1.MF><RD.Query1.MF Locator="Review">PreType,Table1.PreType</RD.Query1.MF><RD.Query1.MF Locator="Review">StreetName,Table1.StreetName</RD.Query1.MF><RD.Query1.MF Locator="Review">StreetType,Table1.StreetType</RD.Query1.MF><RD.Query1.MF Locator="Review">SufDir,Table1.SufDir</RD.Query1.MF><RD.Query1.MF Locator="Review">Shape,Table1.Shape</RD.Query1.MF><RD.Query1.MF Locator="Review">ID,Table1.ID</RD.Query1.MF><RD.Query1.Where Locator="Review">I1 = "%SN%"?</RD.Query1.Where><RD.RightIntsecQuery Locator="Review">IRQuery,"Right Intersection Query"</RD.RightIntsecQuery><RD.Table Locator="Review">Table1,"Primary table"</RD.Table><RD.Table1.Column Locator="Review">LeftFrom,"House From Left",N,TRUE</RD.Table1.Column><RD.Table1.Column Locator="Review">LeftTo,"House To Left",N,TRUE</RD.Table1.Column><RD.Table1.Column Locator="Review">RightFrom,"House From Right",N,TRUE</RD.Table1.Column><RD.Table1.Column Locator="Review">RightTo,"House To Right",N,TRUE</RD.Table1.Column><RD.Table1.Column Locator="Review">PreDir,"Prefix Direction",N,FALSE</RD.Table1.Column><RD.Table1.Column Locator="Review">PreType,"Prefix Type",N,FALSE</RD.Table1.Column><RD.Table1.Column Locator="Review">StreetName,"Street Name",N,TRUE</RD.Table1.Column><RD.Table1.Column Locator="Review">StreetType,"Street Type",N,FALSE</RD.Table1.Column><RD.Table1.Column Locator="Review">SufDir,"Suffix Direction",N,FALSE</RD.Table1.Column><RD.Table1.Column Locator="Review">ID,"Record ID for the Primary table",N,TRUE</RD.Table1.Column><RD.Table1.Column Locator="Review">Shape,"Shape column",N,TRUE</RD.Table1.Column><RD.Table1.Filter Locator="Review">esriCatalog.GxFilterShapefiles</RD.Table1.Filter><RD.Table1.Filter Locator="Review">esriCatalog.GxFilterCoverageFeatureClasses</RD.Table1.Filter><RD.Table1.Filter Locator="Review">esriCatalog.GxFilterCADFeatureClasses</RD.Table1.Filter><RD.Val.Table1 Locator="Review">PrinceGeorgesRoads</RD.Val.Table1><RD.Val.Table1.ID Locator="Review">FID</RD.Val.Table1.ID><RD.Val.Table1.LeftFrom Locator="Review">FRADDL</RD.Val.Table1.LeftFrom><RD.Val.Table1.LeftTo Locator="Review">TOADDL</RD.Val.Table1.LeftTo><RD.Val.Table1.PreDir Locator="Review">FEDIRP</RD.Val.Table1.PreDir><RD.Val.Table1.PreType Locator="Review">::</RD.Val.Table1.PreType><RD.Val.Table1.RightFrom Locator="Review">FRADDR</RD.Val.Table1.RightFrom><RD.Val.Table1.RightTo Locator="Review">TOADDR</RD.Val.Table1.RightTo><RD.Val.Table1.Shape Locator="Review">Shape</RD.Val.Table1.Shape><RD.Val.Table1.StreetName Locator="Review">FENAME</RD.Val.Table1.StreetName><RD.Val.Table1.StreetType Locator="Review">FETYPE</RD.Val.Table1.StreetType><RD.Val.Table1.SufDir Locator="Review">FEDIRS</RD.Val.Table1.SufDir><RD.WorkspaceString Locator="Review">ProgID = esriDataSourcesFile.ShapefileWorkspaceFactory.1; Path = D:\NaijunZhou\teaching\4732006\Geog473Lab1.1\Roads</RD.WorkspaceString><SideOffset Locator="Review">0</SideOffset><SideOffsetUnits Locator="Review">ReferenceDataUnits</SideOffsetUnits><SpellingSensitivity Locator="Review">80</SpellingSensitivity><SupportIntersections Locator="Review">TRUE</SupportIntersections><UICLSID Locator="Review">{AE5A3A0E-F756-11D2-9F4F-00C04F8ED1C4}</UICLSID><UseRelativePaths Locator="Review">False</UseRelativePaths><Version Locator="Review">9.0</Version><WritePercentAlongField Locator="Review">False</WritePercentAlongField><WriteReferenceIDField Locator="Review">False</WriteReferenceIDField><WriteStandardizedAddressField Locator="Review">False</WriteStandardizedAddressField><WriteXYCoordFields Locator="Review">True</WriteXYCoordFields><InTable Locator="Review">::</InTable><InKeyColumns Locator="Review">::</InKeyColumns><InColumns Locator="Review">ARC_Street</InColumns><OutTable Locator="Review">::</OutTable><OutKeyColumns Locator="Review">::</OutKeyColumns><OutColumns Locator="Review">Shape</OutColumns><OutColumns Locator="Review">Status</OutColumns><OutColumns Locator="Review">Score</OutColumns><OutColumns Locator="Review">Side</OutColumns><OutColumns Locator="Review">X</OutColumns><OutColumns Locator="Review">Y</OutColumns></RematchLocator><SyncDate>20080918</SyncDate><SyncTime>03165400</SyncTime><ModDate>20080918</ModDate><ModTime>03165400</ModTime><DataProperties><lineage><Process Name="Project_2" ToolSource="C:\Program Files\ArcGIS\ArcToolbox\Toolboxes\Data Management Tools.tbx\Project" Date="20060919" Time="105450">Project CarAccidents D:\NaijunZhou\teaching\4732006\Geog473Lab1.1\CarAccident\CarAccidents_Project.shp PROJCS['NAD_1983_StatePlane_Maryland_FIPS_1900',GEOGCS['GCS_North_American_1983',DATUM['D_North_American_1983',SPHEROID['GRS_1980',6378137.0,298.257222101]],PRIMEM['Greenwich',0.0],UNIT['Degree',0.0174532925199433]],PROJECTION['Lambert_Conformal_Conic'],PARAMETER['False_Easting',400000.0],PARAMETER['False_Northing',0.0],PARAMETER['Central_Meridian',-77.0],PARAMETER['Standard_Parallel_1',38.3],PARAMETER['Standard_Parallel_2',39.45],PARAMETER['Latitude_Of_Origin',37.66666666666666],UNIT['Meter',1.0]] #</Process></lineage><itemProps><itemLocation><linkage Sync="TRUE">file://\\GEOGWK381\C$\Workspace\Teaching\Demo\GEOG653\Lab2_Demo\Data\Lab2_data_Updated\MD_data\PG_CarAccidents</linkage><protocol Sync="TRUE">Local Area Network</protocol></itemLocation></itemProps><copyHistory><copy source="C:\Workspace\Teaching\Demo\GEOG653\Lab2_Demo\Data\Lab2_data_Updated\PG_CarAccidents" dest="\\GEOGWK381\C$\Workspace\Teaching\Demo\GEOG653\Lab2_Demo\Data\Lab2_data_Updated\MD_data\PG_CarAccidents" date="20180317" time="02371400"></copy></copyHistory></DataProperties><ArcGISstyle>FGDC CSDGM Metadata</ArcGISstyle></Esri><idinfo><native Sync="TRUE">Microsoft Windows XP Version 5.1 (Build 2600) Service Pack 3; ESRI ArcCatalog 9.3.0.1770</native><descript><langdata Sync="TRUE">en</langdata><abstract>REQUIRED: A brief narrative summary of the data set.</abstract><purpose>REQUIRED: A summary of the intentions with which the data set was developed.</purpose></descript><citation><citeinfo><origin>REQUIRED: The name of an organization or individual that developed the data set.</origin><pubdate>REQUIRED: The date when the data set is published or otherwise made available for release.</pubdate><title Sync="TRUE">PG_CarAccidents</title><ftname Sync="TRUE">PG_CarAccidents</ftname><geoform Sync="TRUE">vector digital data</geoform><onlink Sync="TRUE">\\GIS-MA\D$\Workspace\UMD\GEOG473\Labs\Lab2\Data\PG_CarAccidents</onlink></citeinfo></citation><timeperd><current>REQUIRED: The basis on which the time period of content information is determined.</current><timeinfo><sngdate><caldate>REQUIRED: The year (and optionally month, or month and day) for which the data set corresponds to the ground.</caldate></sngdate></timeinfo></timeperd><status><progress>REQUIRED: The state of the data set.</progress><update>REQUIRED: The frequency with which changes and additions are made to the data set after the initial data set is completed.</update></status><spdom><bounding><westbc Sync="TRUE">-77.070030</westbc><eastbc Sync="TRUE">-76.679658</eastbc><northbc Sync="TRUE">39.117857</northbc><southbc Sync="TRUE">38.567301</southbc></bounding><lboundng><leftbc Sync="TRUE">393943.864116</leftbc><rightbc Sync="TRUE">427702.967655</rightbc><bottombc Sync="TRUE">100022.165378</bottombc><topbc Sync="TRUE">161089.688362</topbc></lboundng></spdom><keywords><theme><themekt>REQUIRED: Reference to a formally registered thesaurus or a similar authoritative source of theme keywords.</themekt><themekey>REQUIRED: Common-use word or phrase used to describe the subject of the data set.</themekey></theme></keywords><accconst>REQUIRED: Restrictions and legal prerequisites for accessing the data set.</accconst><useconst>REQUIRED: Restrictions and legal prerequisites for using the data set after access is granted.</useconst><natvform Sync="TRUE">Shapefile</natvform></idinfo><dataIdInfo><envirDesc Sync="TRUE">Microsoft Windows XP Version 5.1 (Build 2600) Service Pack 3; ESRI ArcCatalog 9.3.0.1770</envirDesc><dataLang><languageCode Sync="TRUE" value="en"></languageCode></dataLang><idCitation><resTitle Sync="TRUE">PG_CarAccidents</resTitle><presForm><PresFormCd Sync="TRUE" value="005"></PresFormCd></presForm></idCitation><spatRpType><SpatRepTypCd Sync="TRUE" value="001"></SpatRepTypCd></spatRpType><dataExt><geoEle><GeoBndBox esriExtentType="native"><westBL Sync="TRUE">393943.864116</westBL><eastBL Sync="TRUE">427702.967655</eastBL><northBL Sync="TRUE">161089.688362</northBL><southBL Sync="TRUE">100022.165378</southBL><exTypeCode Sync="TRUE">1</exTypeCode></GeoBndBox></geoEle></dataExt><geoBox esriExtentType="decdegrees"><westBL Sync="TRUE">-77.07003</westBL><eastBL Sync="TRUE">-76.679658</eastBL><northBL Sync="TRUE">39.117857</northBL><southBL Sync="TRUE">38.567301</southBL><exTypeCode Sync="TRUE">1</exTypeCode></geoBox></dataIdInfo><metainfo><langmeta Sync="TRUE">en</langmeta><metstdn Sync="TRUE">FGDC Content Standards for Digital Geospatial Metadata</metstdn><metstdv Sync="TRUE">FGDC-STD-001-1998</metstdv><mettc Sync="TRUE">local time</mettc><metc><cntinfo><cntorgp><cntper>REQUIRED: The person responsible for the metadata information.</cntper><cntorg>REQUIRED: The organization responsible for the metadata information.</cntorg></cntorgp><cntaddr><addrtype>REQUIRED: The mailing and/or physical address for the organization or individual.</addrtype><city>REQUIRED: The city of the address.</city><state>REQUIRED: The state or province of the address.</state><postal>REQUIRED: The ZIP or other postal code of the address.</postal></cntaddr><cntvoice>REQUIRED: The telephone number by which individuals can speak to the organization or individual.</cntvoice></cntinfo></metc><metd Sync="TRUE">20080918</metd><metextns><onlink Sync="TRUE">http://www.esri.com/metadata/esriprof80.html</onlink><metprof Sync="TRUE">ESRI Metadata Profile</metprof></metextns></metainfo><mdLang><languageCode Sync="TRUE" value="en"></languageCode></mdLang><mdStanName Sync="TRUE">ISO 19115 Geographic Information - Metadata</mdStanName><mdStanVer Sync="TRUE">DIS_ESRI1.0</mdStanVer><mdChar><CharSetCd Sync="TRUE" value="004"></CharSetCd></mdChar><mdHrLv><ScopeCd Sync="TRUE" value="005"></ScopeCd></mdHrLv><mdHrLvName Sync="TRUE">dataset</mdHrLvName><distinfo><resdesc Sync="TRUE">Downloadable Data</resdesc><stdorder><digform><digtinfo><transize Sync="TRUE">0.286</transize><dssize Sync="TRUE">0.286</dssize></digtinfo></digform></stdorder></distinfo><distInfo><distributor><distorTran><onLineSrc><orDesc Sync="TRUE">002</orDesc><linkage Sync="TRUE">file://\\GIS-MA\D$\Workspace\UMD\GEOG473\Labs\Lab2\Data\PG_CarAccidents</linkage><protocol Sync="TRUE">Local Area Network</protocol></onLineSrc><transSize Sync="TRUE">0.286</transSize></distorTran><distorFormat><formatName Sync="TRUE">Shapefile</formatName></distorFormat></distributor></distInfo><spdoinfo><direct Sync="TRUE">Vector</direct><ptvctinf><esriterm Name="PG_CarAccidents"><efeatyp Sync="TRUE">Simple</efeatyp><efeageom Sync="TRUE">Point</efeageom><esritopo Sync="TRUE">FALSE</esritopo><efeacnt Sync="TRUE">10692</efeacnt><spindex Sync="TRUE">FALSE</spindex><linrefer Sync="TRUE">FALSE</linrefer></esriterm><sdtsterm Name="PG_CarAccidents"><sdtstype Sync="TRUE">Entity point</sdtstype><ptvctcnt Sync="TRUE">10692</ptvctcnt></sdtsterm></ptvctinf></spdoinfo><spref><horizsys><cordsysn><geogcsn Sync="TRUE">GCS_North_American_1983</geogcsn><projcsn Sync="TRUE">NAD_1983_StatePlane_Maryland_FIPS_1900</projcsn></cordsysn><geodetic><horizdn Sync="TRUE">North American Datum of 1983</horizdn><ellips Sync="TRUE">Geodetic Reference System 80</ellips><semiaxis Sync="TRUE">6378137.000000</semiaxis><denflat Sync="TRUE">298.257222</denflat></geodetic><planar><gridsys><gridsysn Sync="TRUE">State Plane Coordinate System 1983</gridsysn><spcs><spcszone Sync="TRUE">1900</spcszone><lambertc><stdparll Sync="TRUE">38.300000</stdparll><stdparll Sync="TRUE">39.450000</stdparll><longcm Sync="TRUE">-77.000000</longcm><latprjo Sync="TRUE">37.666667</latprjo><feast Sync="TRUE">400000.000000</feast><fnorth Sync="TRUE">0.000000</fnorth></lambertc></spcs></gridsys><planci><plance Sync="TRUE">coordinate pair</plance><plandu Sync="TRUE">meters</plandu><coordrep><absres Sync="TRUE">0.000000</absres><ordres Sync="TRUE">0.000000</ordres></coordrep></planci></planar></horizsys><vertdef><altsys><altenc Sync="TRUE">Explicit elevation coordinate included with horizontal coordinates</altenc><altres Sync="TRUE">0.000010</altres></altsys></vertdef></spref><refSysInfo><RefSystem><refSysID><identCode Sync="TRUE">NAD_1983_StatePlane_Maryland_FIPS_1900</identCode></refSysID></RefSystem></refSysInfo><spatRepInfo><VectSpatRep><topLvl><TopoLevCd Sync="TRUE" value="001"></TopoLevCd></topLvl><geometObjs Name="PG_CarAccidents"><geoObjTyp><GeoObjTypCd Sync="TRUE" value="004"></GeoObjTypCd></geoObjTyp><geoObjCnt Sync="TRUE">10692</geoObjCnt></geometObjs></VectSpatRep></spatRepInfo><eainfo><detailed Name="PG_CarAccidents"><enttyp><enttypl Sync="TRUE">PG_CarAccidents</enttypl><enttypt Sync="TRUE">Feature Class</enttypt><enttypc Sync="TRUE">10692</enttypc></enttyp><attr><attrlabl Sync="TRUE">FID</attrlabl><attalias Sync="TRUE">FID</attalias><attrtype Sync="TRUE">OID</attrtype><attwidth Sync="TRUE">4</attwidth><atprecis Sync="TRUE">0</atprecis><attscale Sync="TRUE">0</attscale><attrdef Sync="TRUE">Internal feature number.</attrdef><attrdefs Sync="TRUE">ESRI</attrdefs><attrdomv><udom Sync="TRUE">Sequential unique whole numbers that are automatically generated.</udom></attrdomv></attr><attr><attrlabl Sync="TRUE">Shape</attrlabl><attalias Sync="TRUE">Shape</attalias><attrtype Sync="TRUE">Geometry</attrtype><attwidth Sync="TRUE">0</attwidth><atprecis Sync="TRUE">0</atprecis><attscale Sync="TRUE">0</attscale><attrdef Sync="TRUE">Feature geometry.</attrdef><attrdefs Sync="TRUE">ESRI</attrdefs><attrdomv><udom Sync="TRUE">Coordinates defining the features.</udom></attrdomv></attr><attr><attrlabl Sync="TRUE">Status</attrlabl><attalias Sync="TRUE">Status</attalias><attrtype Sync="TRUE">String</attrtype><attwidth Sync="TRUE">1</attwidth></attr><attr><attrlabl Sync="TRUE">Score</attrlabl><attalias Sync="TRUE">Score</attalias><attrtype Sync="TRUE">Number</attrtype><attwidth Sync="TRUE">4</attwidth></attr><attr><attrlabl Sync="TRUE">Side</attrlabl><attalias Sync="TRUE">Side</attalias><attrtype Sync="TRUE">String</attrtype><attwidth Sync="TRUE">1</attwidth></attr><attr><attrlabl Sync="TRUE">X</attrlabl><attalias Sync="TRUE">X</attalias><attrtype Sync="TRUE">Number</attrtype><attwidth Sync="TRUE">19</attwidth><atnumdec Sync="TRUE">11</atnumdec></attr><attr><attrlabl Sync="TRUE">Y</attrlabl><attalias Sync="TRUE">Y</attalias><attrtype Sync="TRUE">Number</attrtype><attwidth Sync="TRUE">19</attwidth><atnumdec Sync="TRUE">11</atnumdec></attr><attr><attrlabl Sync="TRUE">ARC_Street</attrlabl><attalias Sync="TRUE">ARC_Street</attalias><attrtype Sync="TRUE">String</attrtype><attwidth Sync="TRUE">60</attwidth></attr><attr><attrlabl Sync="TRUE">DATE_</attrlabl><attalias Sync="TRUE">DATE_</attalias><attrtype Sync="TRUE">String</attrtype><attwidth Sync="TRUE">9</attwidth></attr><attr><attrlabl Sync="TRUE">TIME</attrlabl><attalias Sync="TRUE">TIME</attalias><attrtype Sync="TRUE">Number</attrtype><attwidth Sync="TRUE">5</attwidth></attr><attr><attrlabl Sync="TRUE">UCR1</attrlabl><attalias Sync="TRUE">UCR1</attalias><attrtype Sync="TRUE">String</attrtype><attwidth Sync="TRUE">7</attwidth></attr><attr><attrlabl Sync="TRUE">UCR2</attrlabl><attalias Sync="TRUE">UCR2</attalias><attrtype Sync="TRUE">String</attrtype><attwidth Sync="TRUE">8</attwidth></attr><attr><attrlabl Sync="TRUE">UCR3</attrlabl><attalias Sync="TRUE">UCR3</attalias><attrtype Sync="TRUE">String</attrtype><attwidth Sync="TRUE">7</attwidth></attr><attr><attrlabl Sync="TRUE">BEAT</attrlabl><attalias Sync="TRUE">BEAT</attalias><attrtype Sync="TRUE">String</attrtype><attwidth Sync="TRUE">5</attwidth></attr><attr><attrlabl Sync="TRUE">INCIDENTLO</attrlabl><attalias Sync="TRUE">INCIDENTLO</attalias><attrtype Sync="TRUE">String</attrtype><attwidth Sync="TRUE">51</attwidth><attrdef>incident location</attrdef></attr><attr><attrlabl Sync="TRUE">INCIDENTSU</attrlabl><attalias Sync="TRUE">INCIDENTSU</attalias><attrtype Sync="TRUE">String</attrtype><attwidth Sync="TRUE">65</attwidth><attrdef>incident summary</attrdef><attrdomv><edom><edomv>ACCAI</edomv><edomvd>Accident Aircraft</edomvd></edom><edom><edomv>ACCBO</edomv><edomvd>Accident Boating</edomvd></edom><edom><edomv>ACCID</edomv><edomvd>Accident Industrial</edomvd></edom><edom><edomv>ACCFA</edomv><edomvd>Accident Motor Vehicle Fatal</edomvd></edom><edom><edomv>ACCIN</edomv><edomvd>Accident Motor Vehicle Injury</edomvd></edom><edom><edomv>ACCNI</edomv><edomvd>Accident Motor Vehicle No Injury</edomvd></edom><edom><edomv>ACCPX</edomv><edomvd>Accident Motor Vehicle Pesestrian</edomvd></edom><edom><edomv>ACCTR</edomv><edomvd>Accident Motor Vehicle Train</edomvd></edom></attrdomv></attr><attr><attrlabl Sync="TRUE">Level</attrlabl><attalias Sync="TRUE">Level</attalias><attrtype Sync="TRUE">Number</attrtype><attwidth Sync="TRUE">4</attwidth></attr><attr><attrlabl Sync="TRUE">Level_1</attrlabl><attalias Sync="TRUE">Level_1</attalias><attrtype Sync="TRUE">Number</attrtype><attwidth Sync="TRUE">4</attwidth></attr></detailed></eainfo><mdDateSt Sync="TRUE">20080918</mdDateSt><dataqual><lineage><procstep><procdesc Sync="TRUE">Dataset copied.</procdesc><srcused Sync="TRUE"></srcused><date Sync="TRUE">20060919</date><time Sync="TRUE">10545000</time></procstep><procstep><procdesc Sync="TRUE">Dataset copied.</procdesc><srcused Sync="TRUE">D:\MyDocs\UMD\Teaching\Archives\GEOG473_old\473 Lecture Material Fall2007\Labs\Lab21_0922\CarAccidents_Project</srcused><procdate Sync="TRUE">20080917</procdate><proctime Sync="TRUE">11085400</proctime></procstep><procstep><procdesc Sync="TRUE">Dataset copied.</procdesc><srcused Sync="TRUE">D:\Workspace\UMD\GEOG473\Labs\Lab2\Lab2_data\PG_CarAccidents</srcused><procdate Sync="TRUE">20080918</procdate><proctime Sync="TRUE">03165900</proctime></procstep></lineage></dataqual></metadata>
