<?xml version="1.0" encoding="ISO-8859-1"?>
<!DOCTYPE metadata SYSTEM "http://www.fgdc.gov/metadata/fgdc-std-001-1998.dtd">
<metadata>
	<idinfo>
		<citation>
			<citeinfo>
				<origin>Maryland State Highway Administration, Highway Information Services</origin>
				<pubdate>2003</pubdate>
				<title>Maryland Park And Ride Location Map</title>
				<geoform>vector digital data</geoform>
				<onlink>www.sha.state.md.us</onlink>
				<ftname Sync="TRUE">01_sha_pk&amp;ride</ftname></citeinfo>
		</citation>
		<descript>
			<langdata Sync="TRUE">en</langdata><abstract>Park and Rides is a GPS-collected point location file for Park and Ride locations in the state of Maryland.  It identifies the nearest major intersection, number of parking spaces, route milepoint and bus routes making stops at each location..  </abstract><purpose>The Park and Rides file supports Maryland SHA transportation planning, design and development.</purpose></descript>
		<timeperd>
			<timeinfo>
				<sngdate>
					<caldate>2000</caldate>
				</sngdate>
			</timeinfo>
			<current>publication date</current>
		</timeperd>
		<status>
			<progress>Complete</progress>
			<update>As needed</update>
		</status>
		<keywords>
			<theme><themekey>Park and Ride</themekey><themekey>Commuter Lots</themekey><themekey>Carpool Lots</themekey><themekt>None</themekt><themekey>Commuter Parking</themekey><themekey>Transportation </themekey><themekey>Transportation Features</themekey><themekey>Highway Facilities</themekey></theme><place><placekey>Maryland</placekey><placekt>None</placekt></place></keywords>
		<accconst>This data can be used by the recipient for GIS purposes, subject to the Use Constraints, below.</accconst>
		<useconst>This data is for use on Maryland State Highway Administration (SHA) projects or by federal, state, or local agencies as approved by SHA GIS Coordinator.  This data cannot be redistributed.  If a recipient hires another firm and data is given to them, they are required to notify the SHA.  After completion of the project for SHA, the data must be deleted from all computers and all copies destroyed.
The State Highway Administration makes no warranty, expressed or implied, as to the use or appropriateness of Spatial Data, and there are no warranties of merchantability or fitness for a particular purpose or use.  The information contained in Spatial Data is from publicly available sources, but no representation is made as to the accuracy or completeness of Spatial Data. This data should not be used for any legal boundary disputes.  The State Highway Administration shall not be subject to liability for human error, error due to software conversion, defect, or failure of machines, or any material used in the connection with the machines, including tapes, disks, CD-ROM's or DVD-ROM's and energy.  The State Highway Administration shall not be liable for any lost profits, consequential damages, or claims against the State Highway Administration by third parties. The liability of the State Highway Administration for damage regardless of the form of the action shall not exceed any distribution fees that may have been paid in obtaining Spatial Data.
</useconst>
		<ptcontac>
			<cntinfo>
				<cntorgp>
					<cntorg>Maryland State Highway Administration</cntorg>
					<cntper>Geographic Information Systems Team</cntper></cntorgp>
				<cntpos>GIS Coordinator</cntpos>
				<cntaddr>
					<addrtype>mailing address</addrtype>
					<address>707 N. Calvert Street, Mail Stop C-607</address>
					<city>Baltimore</city>
					<state>Maryland</state>
					<postal>21202</postal>
					<country>USA</country>
				</cntaddr>
				<cntvoice>410-545-5532</cntvoice>
				<cntfax>410-209-5051</cntfax>
				<cntemail>gis@sha.state.md.us</cntemail>
				<hours>7:00 a.m. - 4:00 p.m. week days</hours>
				<cntinst>Call the GIS Help Desk at 410-545-5541</cntinst>
			</cntinfo>
		</ptcontac>
		<native>Microsoft Windows 2000 Version 5.0 (Build 2195) Service Pack 3; ESRI ArcCatalog 8.2.0.700</native>
		<natvform Sync="TRUE">Shapefile</natvform><spdom><lboundng><leftbc Sync="TRUE">235355.685968</leftbc><rightbc Sync="TRUE">526245.230551</rightbc><bottombc Sync="TRUE">53014.874922</bottombc><topbc Sync="TRUE">227580.935308</topbc></lboundng><bounding><westbc Sync="TRUE">-78.919754</westbc><eastbc Sync="TRUE">-75.527890</eastbc><northbc Sync="TRUE">39.716750</northbc><southbc Sync="TRUE">38.128999</southbc></bounding></spdom></idinfo>
	<distinfo>
		<distrib>
			<cntinfo>
				<cntorgp>
					<cntorg>Maryland State Highway Administration</cntorg>
					<cntper>Geographic Information System Team</cntper>
				</cntorgp>
				<cntaddr>
					<addrtype>mailing address</addrtype>
					<address>707 N. Calvert Street, Mail Stop C-607</address>
					<city>Baltimore</city>
					<state>Maryland</state>
					<postal>21202</postal>
					<country>USA</country>
				</cntaddr>
				<cntvoice>410-545-5532</cntvoice>
				<cntfax>410-209-5051</cntfax>
				<hours>7:30 a.m. - 4:00 p.m. Mon. - Fri.</hours>
				<cntemail>gis@sha.state.md.us</cntemail><cntinst>Please refer to the URL for orders.</cntinst></cntinfo>
		</distrib>
		<distliab>The State Highway Administration makes no warranty, expressed or implied, as to the use or appropriateness of Spatial Data, and there are no warranties of merchantability or fitness for a particular purpose or use.  The information contained in Spatial Data is from publicly available sources, but no representation is made as to the accuracy or completeness of Spatial Data. This data should not be used for any legal boundary disputes.  The State Highway Administration shall not be subject to liability for human error, error due to software conversion, defect, or failure of machines, or any material used in the connection with the machines, including tapes, disks, CD-ROM's or DVD-ROM's and energy.  The State Highway Administration shall not be liable for any lost profits, consequential damages, or claims against the State Highway Administration by third parties. The liability of the State Highway Administration for damage regardless of the form of the action shall not exceed any distribution fees that may have been paid in obtaining Spatial Data.</distliab>
		<stdorder>
			<digform>
				<digtinfo>
					<dssize Sync="TRUE">0.097</dssize><formname>Shapefile</formname><transize Sync="TRUE">0.097</transize></digtinfo>
				<digtopt>
					<onlinopt>
						<computer>
							<networka>
								<networkr>\\to_be_determined\</networkr>
							</networka>
						</computer>
					</onlinopt>
				</digtopt>
			</digform>
			<fees>None</fees>
			<ordering>Download or contact GIS Coordinator.</ordering></stdorder>
		<availabl>
			<timeinfo>
				<sngdate>
					<caldate>2003</caldate>
				</sngdate>
			</timeinfo>
		</availabl>
		<resdesc Sync="TRUE">Downloadable Data</resdesc></distinfo>
	<metainfo>
		<metd>20030303</metd>
		<metc>
			<cntinfo>
				<cntorgp>
					<cntorg>Maryland State Highway Administration</cntorg>
					<cntper>Geographic Information System Team</cntper>
				</cntorgp>
				<cntaddr>
					<addrtype>mailing address</addrtype>
					<address>707 N. Calvert Street, Mail Stop C-607</address>
					<city>Baltimore</city>
					<state>Maryland</state>
					<postal>21202</postal>
					<country>USA</country>
				</cntaddr>
				<cntvoice>410-545-5532</cntvoice>
				<cntfax>410-209-5051</cntfax>
				<hours>7:30 a.m. - 4:00 p.m. Mon. - Fri.</hours>
				<cntemail>gis@sha.state.md.us</cntemail></cntinfo>
		</metc>
		<metstdn>FGDC Content Standards for Digital Geospatial Metadata</metstdn>
		<metstdv>FGDC-STD-001-1998</metstdv>
		<mettc>local time</mettc>
		<metac>None</metac>
		<metextns>
			<onlink>http://www.esri.com/metadata/esriprof80.html</onlink>
			<metprof>ESRI Metadata Profile</metprof>
		</metextns>
		<langmeta Sync="TRUE">en</langmeta><metextns><onlink Sync="TRUE">http://www.esri.com/metadata/esriprof80.html</onlink><metprof Sync="TRUE">ESRI Metadata Profile</metprof></metextns></metainfo>
	<dataIdInfo><envirDesc Sync="TRUE">Microsoft Windows 2000 Version 5.1 (Build 2600) Service Pack 1; ESRI ArcCatalog 8.3.0.800</envirDesc><dataLang><languageCode Sync="TRUE" value="en"></languageCode></dataLang><idCitation><resTitle Sync="TRUE">01_sha_pk&amp;ride</resTitle><presForm><PresFormCd Sync="TRUE" value="005"></PresFormCd></presForm></idCitation><spatRpType><SpatRepTypCd Sync="TRUE" value="001"></SpatRepTypCd></spatRpType><geoBox esriExtentType="decdegrees"><westBL Sync="TRUE">-78.919754</westBL><eastBL Sync="TRUE">-75.52789</eastBL><northBL Sync="TRUE">39.71675</northBL><southBL Sync="TRUE">38.128999</southBL><exTypeCode Sync="TRUE">1</exTypeCode></geoBox><dataExt><geoEle><GeoBndBox esriExtentType="native"><westBL Sync="TRUE">235355.685968</westBL><eastBL Sync="TRUE">526245.230551</eastBL><northBL Sync="TRUE">227580.935308</northBL><southBL Sync="TRUE">53014.874922</southBL><exTypeCode Sync="TRUE">1</exTypeCode></GeoBndBox></geoEle></dataExt></dataIdInfo><mdLang><languageCode Sync="TRUE" value="en"></languageCode></mdLang><mdStanName Sync="TRUE">ISO 19115 Geographic Information - Metadata</mdStanName><mdStanVer Sync="TRUE">DIS_ESRI1.0</mdStanVer><mdChar><CharSetCd Sync="TRUE" value="004"></CharSetCd></mdChar><mdHrLv><ScopeCd Sync="TRUE" value="005"></ScopeCd></mdHrLv><mdHrLvName Sync="TRUE">dataset</mdHrLvName><distInfo><distributor><distorTran><onLineSrc><orDesc Sync="TRUE">002</orDesc><linkage Sync="TRUE">file://\\Centroid\CGIS3Backup\DataChunk_F\users\dsides\Finished Metadata\Park and Ride\01_sha_pk&amp;ride.shp</linkage><protocol Sync="TRUE">Local Area Network</protocol></onLineSrc><transSize Sync="TRUE">0.097</transSize></distorTran><distorFormat><formatName Sync="TRUE">Shapefile</formatName></distorFormat></distributor></distInfo><spdoinfo><direct Sync="TRUE">Vector</direct><ptvctinf><esriterm Name="01_sha_pk&amp;ride"><efeatyp Sync="TRUE">Simple</efeatyp><efeageom Sync="TRUE">Multipoint</efeageom><esritopo Sync="TRUE">FALSE</esritopo><efeacnt Sync="TRUE">83</efeacnt><spindex Sync="TRUE">TRUE</spindex><linrefer Sync="TRUE">FALSE</linrefer></esriterm><sdtsterm Name="01_sha_pk&amp;ride"><sdtstype>Entity point</sdtstype><ptvctcnt Sync="TRUE">83</ptvctcnt></sdtsterm></ptvctinf></spdoinfo><spref><horizsys><cordsysn><geogcsn Sync="TRUE">GCS_North_American_1983</geogcsn><projcsn Sync="TRUE">NAD_1983_StatePlane_Maryland_FIPS_1900</projcsn></cordsysn><planar><planci><plance Sync="TRUE">coordinate pair</plance><plandu Sync="TRUE">meters</plandu><coordrep><absres Sync="TRUE">0.000512</absres><ordres Sync="TRUE">0.000512</ordres></coordrep></planci><gridsys><gridsysn Sync="TRUE">State Plane Coordinate System 1983</gridsysn><spcs><spcszone Sync="TRUE">1900</spcszone><lambertc><stdparll Sync="TRUE">38.300000</stdparll><stdparll Sync="TRUE">39.450000</stdparll><longcm Sync="TRUE">-77.000000</longcm><latprjo Sync="TRUE">37.666667</latprjo><feast Sync="TRUE">400000.000000</feast><fnorth Sync="TRUE">0.000000</fnorth></lambertc></spcs></gridsys></planar><geodetic><horizdn Sync="TRUE">North American Datum of 1983</horizdn><ellips Sync="TRUE">Geodetic Reference System 80</ellips><semiaxis Sync="TRUE">6378137.000000</semiaxis><denflat Sync="TRUE">298.257222</denflat></geodetic></horizsys></spref><refSysInfo><RefSystem><refSysID><identCode Sync="TRUE">NAD_1983_StatePlane_Maryland_FIPS_1900</identCode></refSysID></RefSystem></refSysInfo><spatRepInfo><VectSpatRep><topLvl><TopoLevCd Sync="TRUE" value="001"></TopoLevCd></topLvl><geometObjs Name="01_sha_pk&amp;ride"><geoObjTyp><GeoObjTypCd Sync="TRUE" value="001"></GeoObjTypCd></geoObjTyp><geoObjCnt Sync="TRUE">83</geoObjCnt></geometObjs></VectSpatRep></spatRepInfo><Esri><SyncDate>20030505</SyncDate><SyncTime>15391900</SyncTime><ModDate>20030505</ModDate><ModTime>15391900</ModTime></Esri><mdDateSt Sync="TRUE">20030505</mdDateSt><eainfo><detailed Name="01_sha_pk&amp;ride"><enttyp><enttypl Sync="TRUE">01_sha_pk&amp;ride</enttypl><enttypt Sync="TRUE">Feature Class</enttypt><enttypc Sync="TRUE">83</enttypc></enttyp><attr><attrlabl Sync="TRUE">FID</attrlabl><attalias Sync="TRUE">FID</attalias><attrtype Sync="TRUE">OID</attrtype><attwidth Sync="TRUE">4</attwidth><atprecis Sync="TRUE">0</atprecis><attscale Sync="TRUE">0</attscale><attrdef Sync="TRUE">Internal feature number.</attrdef><attrdefs Sync="TRUE">ESRI</attrdefs><attrdomv><udom Sync="TRUE">Sequential unique whole numbers that are automatically generated.</udom></attrdomv></attr><attr><attrlabl Sync="TRUE">Shape</attrlabl><attalias Sync="TRUE">Shape</attalias><attrtype Sync="TRUE">Geometry</attrtype><attwidth Sync="TRUE">0</attwidth><atprecis Sync="TRUE">0</atprecis><attscale Sync="TRUE">0</attscale><attrdef Sync="TRUE">Feature geometry.</attrdef><attrdefs Sync="TRUE">ESRI</attrdefs><attrdomv><udom Sync="TRUE">Coordinates defining the features.</udom></attrdomv></attr><attr><attrlabl Sync="TRUE">ID</attrlabl><attalias Sync="TRUE">ID</attalias><attrtype Sync="TRUE">Number</attrtype><attwidth Sync="TRUE">11</attwidth></attr><attr><attrlabl Sync="TRUE">COUNTY</attrlabl><attalias Sync="TRUE">COUNTY</attalias><attrtype Sync="TRUE">String</attrtype><attwidth Sync="TRUE">254</attwidth></attr><attr><attrlabl Sync="TRUE">LOCATION</attrlabl><attalias Sync="TRUE">LOCATION</attalias><attrtype Sync="TRUE">String</attrtype><attwidth Sync="TRUE">254</attwidth></attr><attr><attrlabl Sync="TRUE">SPACES</attrlabl><attalias Sync="TRUE">SPACES</attalias><attrtype Sync="TRUE">String</attrtype><attwidth Sync="TRUE">4</attwidth></attr><attr><attrlabl Sync="TRUE">BUS_ROUTES</attrlabl><attalias Sync="TRUE">BUS_ROUTES</attalias><attrtype Sync="TRUE">String</attrtype><attwidth Sync="TRUE">254</attwidth></attr><attr><attrlabl Sync="TRUE">CO_NUM</attrlabl><attalias Sync="TRUE">CO_NUM</attalias><attrtype Sync="TRUE">Number</attrtype><attwidth Sync="TRUE">6</attwidth></attr><attr><attrlabl Sync="TRUE">MUN_SORT</attrlabl><attalias Sync="TRUE">MUN_SORT</attalias><attrtype Sync="TRUE">Number</attrtype><attwidth Sync="TRUE">11</attwidth></attr><attr><attrlabl Sync="TRUE">ID_PREFIX</attrlabl><attalias Sync="TRUE">ID_PREFIX</attalias><attrtype Sync="TRUE">String</attrtype><attwidth Sync="TRUE">2</attwidth></attr><attr><attrlabl Sync="TRUE">ID_RTE_NO</attrlabl><attalias Sync="TRUE">ID_RTE_NO</attalias><attrtype Sync="TRUE">String</attrtype><attwidth Sync="TRUE">50</attwidth></attr><attr><attrlabl Sync="TRUE">MP_SUFFIX</attrlabl><attalias Sync="TRUE">MP_SUFFIX</attalias><attrtype Sync="TRUE">String</attrtype><attwidth Sync="TRUE">2</attwidth></attr><attr><attrlabl Sync="TRUE">ID_MP</attrlabl><attalias Sync="TRUE">ID_MP</attalias><attrtype Sync="TRUE">Number</attrtype><attwidth Sync="TRUE">20</attwidth><atnumdec Sync="TRUE">5</atnumdec></attr><attr><attrlabl Sync="TRUE">TMPCNTY</attrlabl><attalias Sync="TRUE">TMPCNTY</attalias><attrtype Sync="TRUE">String</attrtype><attwidth Sync="TRUE">5</attwidth></attr><attr><attrlabl Sync="TRUE">TMPRTENO</attrlabl><attalias Sync="TRUE">TMPRTENO</attalias><attrtype Sync="TRUE">String</attrtype><attwidth Sync="TRUE">6</attwidth></attr><attr><attrlabl Sync="TRUE">TMPMUN</attrlabl><attalias Sync="TRUE">TMPMUN</attalias><attrtype Sync="TRUE">String</attrtype><attwidth Sync="TRUE">5</attwidth></attr><attr><attrlabl Sync="TRUE">NEWRTEID</attrlabl><attalias Sync="TRUE">NEWRTEID</attalias><attrtype Sync="TRUE">String</attrtype><attwidth Sync="TRUE">15</attwidth></attr></detailed></eainfo></metadata>
