<?xml version="1.0" encoding="UTF-8"?>
<metadata xml:lang="en"><Esri><CreaDate>20200204</CreaDate><CreaTime>01235600</CreaTime><ArcGISFormat>1.0</ArcGISFormat><ArcGISstyle>FGDC CSDGM Metadata</ArcGISstyle><SyncOnce>TRUE</SyncOnce><DataProperties><itemProps><itemLocation><linkage Sync="TRUE">file://\\GEOGWK381\C$\Workspace\Teaching\Demo\GEOG653\Lab8\Lab8_data\DC_Data\DC_Census_Tracts</linkage><protocol Sync="TRUE">Local Area Network</protocol></itemLocation></itemProps><copyHistory><copy source="C:\Workspace\Teaching\Demo\GEOG653\Data\DC_Data\DC_Census_Tracts" dest="\\GEOGWK381\C$\Workspace\Teaching\Demo\GEOG653\Lab8\Lab8_data\DC_Data\DC_Census_Tracts" date="20200204" time="01235600"></copy></copyHistory><lineage><Process ToolSource="c:\program files (x86)\arcgis\desktop10.4\ArcToolbox\Toolboxes\Data Management Tools.tbx\CalculateField" Date="20171215" Time="220721">CalculateField DC_Census_Tracts City_Name "DC" VB #</Process></lineage></DataProperties></Esri></metadata>
